County,State,Distance
Aleutians West Census Area,AK,838.7525
Cameron County,TX,831.18896
Willacy County,TX,796.02374
Hidalgo County,TX,765.59888
Kenedy County,TX,753.08386
Kleberg County,TX,723.85956
Starr County,TX,719.60498
Aransas County,TX,715.48285
Brooks County,TX,710.58643
Nueces County,TX,709.3797
San Patricio County,TX,706.48474
Matagorda County,TX,694.78125
Refugio County,TX,694.39227
Calhoun County,TX,676.70862
Duval County,TX,676.45825
Jim Wells County,TX,673.25385
Jim Hogg County,TX,671.78058
Bee County,TX,669.99225
Wharton County,TX,667.24146
Zapata County,TX,666.18384
Goliad County,TX,659.7135
Mcmullen County,TX,656.11951
Dewitt County,TX,651.31879
Jackson County,TX,650.01331
Live Oak County,TX,649.79767
Newton County,TX,648.78857
Victoria County,TX,645.52515
Aleutians East Borough,AK,645.52301
Jasper County,TX,640.65857
Chambers County,TX,639.2002
Galveston County,TX,638.38745
Hardin County,TX,638.29297
Brazoria County,TX,635.83362
Karnes County,TX,631.80463
Liberty County,TX,629.76532
Jefferson County,TX,629.70874
Gonzales County,TX,629.5329
Fort Bend County,TX,623.80322
Frio County,TX,621.17981
Webb County,TX,616.88989
Tyler County,TX,613.42883
Beauregard Parish,LA,610.52765
Lavaca County,TX,609.18115
Sabine County,TX,604.43011
Orange County,TX,604.28595
La Salle County,TX,604.27045
Sabine Parish,LA,600.56891
Harris County,TX,600.3241
Guadalupe County,TX,599.41071
Atascosa County,TX,596.96808
Austin County,TX,596.36035
Colorado County,TX,596.28583
Wilson County,TX,594.43353
Cameron Parish,LA,591.34155
Medina County,TX,590.47723
Comal County,TX,588.25519
San Augustine County,TX,585.61938
Waller County,TX,585.22601
Red River Parish,LA,582.86792
Hays County,TX,582.789
Allen Parish,LA,582.01355
Natchitoches Parish,LA,579.21985
Vernon Parish,LA,579.1347
Polk County,TX,577.89075
Caldwell County,TX,576.96118
Fayette County,TX,572.30402
Bastrop County,TX,568.71124
Montgomery County,TX,568.60559
San Jacinto County,TX,568.49994
Calcasieu Parish,LA,566.48053
Llano County,TX,561.1889
Shelby County,TX,559.80322
De Soto Parish,LA,559.27631
Bexar County,TX,558.47723
Washington County,TX,557.7962
Trinity County,TX,557.09778
Blanco County,TX,549.11755
Angelina County,TX,547.341
Burnet County,TX,546.87622
Grimes County,TX,545.24139
Travis County,TX,543.20703
Nacogdoches County,TX,542.33337
Zavala County,TX,541.22424
Lee County,TX,541.07324
Dimmit County,TX,538.62317
Grant Parish,LA,538.03412
Evangeline Parish,LA,535.80652
Walker County,TX,534.64642
Jefferson Davis Parish,LA,534.30402
Kendall County,TX,533.49066
Bandera County,TX,532.2218
Burleson County,TX,532.00623
Winn Parish,LA,531.25311
Brazos County,TX,529.95819
Vermilion Parish,LA,529.64191
Bossier Parish,LA,529.15662
Bienville Parish,LA,529.06836
Caddo Parish,LA,527.2428
San Saba County,TX,525.91364
Webster Parish,LA,525.69061
Williamson County,TX,523.90973
Avoyelles Parish,LA,523.53131
Rapides Parish,LA,523.18835
Houston County,TX,522.46881
Mcculloch County,TX,521.12225
Lampasas County,TX,520.54004
Nome Census Area,AK,517.89587
Panola County,TX,516.61731
Coleman County,TX,515.96924
St. Landry Parish,LA,513.69067
Acadia Parish,LA,512.78162
Milam County,TX,511.98129
Jackson Parish,LA,511.57614
Iberia Parish,LA,510.22589
Uvalde County,TX,509.6561
Gillespie County,TX,508.6265
Robertson County,TX,508.23254
Madison County,TX,507.9169
Kerr County,TX,505.67062
Brown County,TX,505.49167
La Salle Parish,LA,504.3558
Coryell County,TX,503.93701
Mills County,TX,498.66714
Real County,TX,497.57602
Bell County,TX,496.47
Lafayette Parish,LA,495.04953
Concho County,TX,494.96317
Harrison County,TX,494.44431
Maverick County,TX,493.43646
Mason County,TX,492.32047
Cherokee County,TX,492.19559
Callahan County,TX,491.7569
Smith County,TX,490.94104
Leon County,TX,490.17487
Lafayette County,AR,489.53363
Columbia County,AR,489.45346
Union Parish,LA,489.28445
Anderson County,TX,488.26477
St. Martin Parish,LA,486.95743
Lincoln Parish,LA,486.14279
Rusk County,TX,485.80664
Caldwell Parish,LA,483.87418
Claiborne Parish,LA,483.59644
Catahoula Parish,LA,481.59808
Cass County,TX,479.83713
Kusilvak Census Area,AK,478.24948
West Feliciana Parish,LA,477.94443
St. Mary Parish,LA,476.13687
Falls County,TX,474.5592
Marion County,TX,472.66589
Pointe Coupee Parish,LA,472.46765
Taylor County,TX,471.72452
Wilkinson County,MS,469.34091
Comanche County,TX,467.91611
Runnels County,TX,467.49359
Kinney County,TX,465.98364
Menard County,TX,465.9787
Assumption Parish,LA,462.21628
Concordia Parish,LA,461.49115
Gregg County,TX,461.44641
Tom Green County,TX,458.45264
Miller County,AR,458.2507
East Feliciana Parish,LA,457.58768
Hamilton County,TX,454.7244
Ouachita Parish,LA,454.58026
Limestone County,TX,454.37332
Freestone County,TX,453.31018
Iberville Parish,LA,453.08771
Edwards County,TX,452.05685
Kimble County,TX,451.60449
Union County,AR,451.46344
Little River County,AR,447.6824
Jones County,TX,447.17725
Adams County,MS,447.02997
Mclennan County,TX,446.48688
Morehouse Parish,LA,445.59149
Hempstead County,AR,445.26404
Bosque County,TX,443.49933
West Baton Rouge Parish,LA,443.37259
Franklin Parish,LA,443.04761
Howard County,AR,442.63626
Bowie County,TX,441.60602
Upshur County,TX,441.46683
Stonewall County,TX,438.47495
Henderson County,TX,437.53168
Ascension Parish,LA,436.85068
Val Verde County,TX,435.79868
Shackelford County,TX,435.50787
Wood County,TX,435.401
Terrebonne Parish,LA,435.30408
Nevada County,AR,435.09964
East Baton Rouge Parish,LA,435.02942
Erath County,TX,434.57272
Amite County,MS,434.44473
North Slope Borough,AK,434.259
Ouachita County,AR,433.98987
Nolan County,TX,432.57562
St. Helena Parish,LA,432.42526
Tensas Parish,LA,430.75751
Richland Parish,LA,429.96899
St. James Parish,LA,427.45987
Morris County,TX,427.20761
Lafourche Parish,LA,426.79004
Ashley County,AR,424.82031
Coke County,TX,423.26935
Eastland County,TX,422.54483
Camp County,TX,421.62085
Navarro County,TX,420.69379
Livingston Parish,LA,420.62479
Calhoun County,AR,420.59933
Van Zandt County,TX,420.32718
East Carroll Parish,LA,419.59644
Fisher County,TX,418.59229
Kent County,TX,418.57986
Northwest Arctic Borough,AK,416.90775
West Carroll Parish,LA,416.10495
Pike County,AR,415.73648
Haskell County,TX,415.25366
Franklin County,MS,415.20148
Sevier County,AR,415.03745
Hill County,TX,414.44031
Bethel Census Area,AK,414.18903
King County,TX,413.63501
Jefferson County,MS,412.42395
Somervell County,TX,410.54492
St. John The Baptist Parish,LA,409.08157
Claiborne County,MS,408.87344
Dallas County,AR,408.45712
Scurry County,TX,408.28622
Titus County,TX,407.46167
Tangipahoa Parish,LA,407.3461
Franklin County,TX,406.58243
Mitchell County,TX,405.15018
Throckmorton County,TX,404.79288
Plaquemines Parish,LA,404.56732
Rains County,TX,404.31195
Clark County,AR,402.73056
Pike County,MS,402.69577
Hopkins County,TX,401.90848
St. Charles Parish,LA,401.2399
Issaquena County,MS,400.96585
Madison Parish,LA,400.20593
Knox County,TX,399.89896
Bradley County,AR,399.09119
Ziebach County,SD,398.67734
Divide County,ND,395.57236
Washington Parish,LA,395.23743
Sutton County,TX,395.20886
Drew County,AR,395.12372
Kaufman County,TX,394.88449
Cottle County,TX,394.49304
Schleicher County,TX,394.08728
Hood County,TX,393.18753
Mccurtain County,OK,392.84515
Jefferson Parish,LA,392.75256
Lincoln County,MS,391.66891
Palo Pinto County,TX,391.30292
Humphreys County,MS,391.15628
Stephens County,TX,391.04565
Sharkey County,MS,390.17822
Ellis County,TX,390.00424
Red River County,TX,389.60098
Irion County,TX,388.99451
Garland County,AR,388.75778
Yazoo County,MS,388.6944
Chicot County,AR,386.82593
Perry County,AR,386.51587
Montgomery County,AR,385.86716
Dickens County,TX,385.31912
Sterling County,TX,382.9989
Rockwall County,TX,382.94919
Parker County,TX,382.86469
Hunt County,TX,382.19858
Delta County,TX,382.11966
Johnson County,TX,381.86987
Walthall County,MS,380.99435
St. Bernard Parish,LA,380.01633
Hot Spring County,AR,380.01385
Polk County,AR,379.95667
Orleans Parish,LA,379.64911
Desha County,AR,379.36203
Borden County,TX,378.50455
Warren County,MS,378.28271
Lincoln County,AR,377.86951
Cleveland County,AR,377.55634
Pearl River County,MS,375.88855
Conway County,AR,374.74771
Hall County,TX,374.07788
Holmes County,MS,370.58704
St. Tammany Parish,LA,369.96255
Collin County,TX,368.95096
Howard County,TX,368.51413
Baylor County,TX,367.9642
Burke County,ND,367.84863
Copiah County,MS,367.54977
Briscoe County,TX,367.18378
Grant County,AR,367.03339
Lawrence County,MS,366.83704
Dallas County,TX,365.89816
Motley County,TX,365.68628
Daniels County,MT,364.98972
Childress County,TX,364.49573
Yell County,AR,364.32111
Washington County,MS,364.23972
Young County,TX,362.35696
Marion County,MS,362.16061
Garza County,TX,361.90897
Dewey County,SD,361.65668
Tarrant County,TX,360.82217
Simpson County,MS,360.03055
Leflore County,MS,359.90256
Haakon County,SD,359.5813
Lamar County,TX,358.70206
Jack County,TX,358.41498
Crockett County,TX,357.55624
Saline County,AR,353.93799
Foard County,TX,353.28806
Madison County,MS,353.1532
Sheridan County,MT,353.03452
Glasscock County,TX,352.6207
Wise County,TX,352.31497
Fannin County,TX,352.28329
Collingsworth County,TX,351.21515
Jefferson Davis County,MS,350.63293
Jefferson County,AR,350.56396
Jackson County,SD,349.91214
Sunflower County,MS,349.66919
Mountrail County,ND,348.6203
Perkins County,SD,348.31335
Martin County,TX,348.29843
Crosby County,TX,347.82434
Pope County,AR,347.74854
Lynn County,TX,346.99603
Reagan County,TX,345.867
Carroll County,MS,345.5383
Dawson County,TX,343.88235
Donley County,TX,342.81979
Leake County,MS,342.81049
Hardeman County,TX,341.53854
Attala County,MS,340.96191
Lamar County,MS,340.69968
Hinds County,MS,340.27158
Forrest County,MS,339.00955
Oglala Lakota County,SD,337.60464
Pulaski County,AR,337.55182
Dillingham Census Area,AK,336.14749
Montgomery County,MS,336.10715
Wheeler County,TX,335.03156
Denton County,TX,333.60611
Calhoun County,MS,333.24323
Mckenzie County,ND,333.24014
Bolivar County,MS,332.80453
Scott County,AR,332.60944
Williams County,ND,332.59888
Swisher County,TX,332.25339
Harmon County,OK,331.98495
Hancock County,MS,331.75256
Logan County,AR,331.67737
Choctaw County,OK,331.51892
Covington County,MS,331.09952
Floyd County,TX,331.02991
Roosevelt County,MT,329.43298
Montague County,TX,329.00485
Pushmataha County,OK,328.68176
Lonoke County,AR,328.49286
Hutchinson County,TX,327.51855
Gray County,TX,327.48312
Stone County,MS,327.33212
Pennington County,SD,326.78223
Rankin County,MS,326.30191
Crane County,TX,326.05585
Arkansas County,AR,326.05585
Faulkner County,AR,325.94211
Bennett County,SD,325.59229
Sully County,SD,325.40836
Grayson County,TX,325.20395
Wilbarger County,TX,324.86404
Lubbock County,TX,323.0105
Mellette County,SD,322.88437
Hettinger County,ND,322.61966
Perry County,MS,322.31891
Terrell County,TX,321.89017
Johnson County,AR,321.28247
Dunn County,ND,320.42993
Corson County,SD,320.08694
Greer County,OK,319.4606
Smith County,MS,319.20273
Terry County,TX,319.02689
Winston County,MS,318.54782
Midland County,TX,317.78537
Custer County,SD,317.10995
Harding County,SD,317.09814
Renville County,ND,316.70358
Archer County,TX,316.57681
Carson County,TX,316.42209
Choctaw County,MS,315.81192
Adams County,ND,314.74377
Grenada County,MS,314.72141
Billings County,ND,314.65118
Atoka County,OK,313.82104
Clay County,TX,313.80054
Tallahatchie County,MS,313.09341
Armstrong County,TX,313.0704
Meade County,SD,312.45465
Roberts County,TX,312.37323
Latimer County,OK,312.16818
Hughes County,SD,311.91467
Moore County,TX,311.71582
Chickasaw County,MS,310.59735
Van Buren County,AR,310.16364
Andrews County,TX,309.82501
Stanley County,SD,309.46399
Bryan County,OK,309.36581
Hale County,TX,308.84012
Jefferson County,OK,307.58557
Harrison County,MS,306.63177
Yalobusha County,MS,306.49319
Franklin County,AR,305.84634
Hockley County,TX,305.6618
Jones County,MS,305.45615
Stone County,AR,305.25729
Upton County,TX,304.97769
Cleburne County,AR,304.60733
Cochran County,TX,303.22791
Webster County,MS,303.10611
Le Flore County,OK,301.9715
Wichita County,TX,301.50482
Greene County,MS,301.10095
Scott County,MS,300.30185
Fall River County,SD,299.84329
Castro County,TX,299.22253
Pontotoc County,MS,299.15668
Jackson County,OK,299.11194
Yoakum County,TX,299.06845
Ector County,TX,298.8721
Lafayette County,MS,298.44519
Tillman County,OK,297.42303
Sherman County,TX,297.37955
Union County,MS,296.90607
Prairie County,AR,295.80936
Jones County,SD,295.78076
Crook County,WY,295.3371
Bristol Bay Borough,AK,295.02887
Cooke County,TX,294.71759
Jasper County,MS,294.45724
Slope County,ND,294.40628
Stark County,ND,294.18323
Sebastian County,AR,292.91437
Weston County,WY,291.70395
Todd County,SD,290.112
Lake And Peninsula Borough,AK,290.10486
Coahoma County,MS,290.04987
Hansford County,TX,289.99765
Kiowa County,OK,288.50638
George County,MS,288.18823
Woodruff County,AR,287.59732
Sheridan County,NE,287.5246
Potter County,SD,287.50287
Grant County,NE,286.96103
Bottineau County,ND,286.10043
Neshoba County,MS,285.28268
Hemphill County,TX,285.11368
Randall County,TX,284.7247
Phillips County,AR,284.49417
Potter County,TX,284.32269
Marshall County,OK,284.17853
Lawrence County,SD,284.11453
Boise County,ID,283.8349
Lipscomb County,TX,283.79886
Benton County,MS,282.96872
Noxubee County,MS,282.79288
Wayne County,MS,282.56918
Gaines County,TX,282.51575
Quitman County,MS,282.23239
Jackson County,MS,281.56006
Monroe County,AR,281.26553
Prentiss County,MS,280.78769
Hyde County,SD,280.68704
Cimarron County,OK,280.66217
Mccone County,MT,280.53107
Clay County,MS,280.20361
Coal County,OK,279.95755
Lamb County,TX,279.90472
Walworth County,SD,279.65494
White County,AR,279.49091
Beckham County,OK,279.26471
Haskell County,OK,279.1597
Crawford County,AR,278.7757
Oktibbeha County,MS,278.52032
Lee County,MS,277.82748
Valley County,MT,277.68893
Kemper County,MS,277.49939
Searcy County,AR,277.37823
Newton County,MS,277.03958
Roger Mills County,OK,276.43002
Deaf Smith County,TX,276.3219
Hartley County,TX,276.19452
Ward County,ND,276.19391
Johnston County,OK,276.08081
Hooker County,NE,275.72787
Dawes County,NE,275.63715
Richland County,MT,274.9816
Panola County,MS,274.07751
Sequoyah County,OK,273.61832
Love County,OK,273.38965
Sioux County,ND,273.38406
Cotton County,OK,273.00439
Mercer County,ND,272.28113
Bowman County,ND,272.18234
Monroe County,MS,272.07855
Grant County,ND,271.98846
Dallam County,TX,271.1142
Butte County,SD,269.95471
Pittsburg County,OK,269.70554
Tishomingo County,MS,268.87665
Independence County,AR,268.73184
Baxter County,AR,268.70639
Adair County,OK,268.49451
Marion County,AR,267.66495
Decatur County,KS,267.01437
Morton County,KS,266.99014
Izard County,AR,265.57901
Clarke County,MS,265.40628
Washita County,OK,264.81723
Eureka County,NV,264.53326
Golden Valley County,ND,264.50592
Washington County,AL,264.24805
Tippah County,MS,263.54092
Hayes County,NE,263.30231
Marshall County,MS,263.00592
Mcpherson County,NE,261.85452
Itawamba County,MS,261.81412
Hardin County,TN,261.00946
Ochiltree County,TX,260.77396
Owyhee County,ID,260.54282
Newton County,AR,259.89346
Ward County,TX,259.63934
Oldham County,TX,258.33444
Pecos County,TX,256.98236
Alcorn County,MS,256.57037
Lamar County,AL,256.51633
Hand County,SD,256.38333
Lee County,AR,255.92043
Beaver County,OK,255.70792
Madison County,AR,255.42953
Carter County,OK,255.13812
Rolette County,ND,255.11513
Tunica County,MS,255.00079
Lea County,NM,254.95233
Mclean County,ND,254.90324
Fayette County,TN,254.82556
Cherry County,NE,253.8438
Carter County,MT,253.78415
Carroll County,AR,253.56729
Ada County,ID,253.23175
Wibaux County,MT,253.13669
Oliver County,ND,252.81978
Kodiak Island Borough,AK,252.58348
Sheridan County,KS,252.5352
Lyman County,SD,252.46187
Mcintosh County,OK,252.0847
Texas County,OK,251.83864
Tate County,MS,251.59569
Mchenry County,ND,251.35149
Mobile County,AL,251.02464
Campbell County,SD,251.01408
Fulton County,AR,250.6835
Lowndes County,MS,250.63753
Presidio County,TX,250.56544
Arthur County,NE,250.32498
Ozark County,MO,249.93289
Buffalo County,SD,249.50476
Scott County,KS,249.34818
Rawlins County,KS,249.23012
Bailey County,TX,249.14873
Franklin County,AL,249.09839
Garfield County,UT,249.08658
Elko County,NV,248.86102
Elmore County,ID,248.70258
Cross County,AR,248.04517
Lawrence County,TN,247.14915
Thomas County,NE,247.1069
Lauderdale County,MS,246.91614
Faulk County,SD,246.4675
Winkler County,TX,246.41966
Wayne County,TN,246.39853
Maury County,TN,246.19969
Brewster County,TX,245.95612
Norton County,KS,245.94307
Clay County,TN,245.63362
Comanche County,OK,245.62244
Choctaw County,AL,245.31859
Parmer County,TX,244.82211
Macon County,TN,244.19142
Custer County,OK,244.03049
Trousdale County,TN,243.72601
St. Francis County,AR,243.53773
Lauderdale County,AL,243.38924
Gove County,KS,243.25688
Camas County,ID,243.25253
White Pine County,NV,242.84554
Stanton County,KS,242.83186
Logan County,KS,242.65974
Lake Of The Woods County,MN,241.6817
Grant County,KS,240.72603
Cherokee County,OK,240.38925
Mcnairy County,TN,240.2774
Stephens County,OK,240.01704
Tripp County,SD,239.48764
Canyon County,ID,239.45222
Pontotoc County,OK,239.29813
Hitchcock County,NE,239.21114
Murray County,OK,238.43193
Hughes County,OK,238.27783
Roosevelt County,NM,238.10571
Caddo County,OK,237.20348
Graham County,KS,237.01024
Wichita County,KS,236.97357
Ellis County,OK,236.95494
Campbell County,WY,236.93195
Jackson County,AR,236.8437
Stevens County,KS,236.61752
Desoto County,MS,236.34413
Garden County,NE,236.03841
Kearny County,KS,235.96695
Blaine County,ID,235.94583
Boone County,AR,235.91663
Gem County,ID,235.08958
Red Willow County,NE,234.6801
Craighead County,AR,234.64841
Marion County,AL,233.57777
Colbert County,AL,233.53801
Logan County,NE,233.11176
Pickens County,AL,232.68053
Union County,NM,232.5954
Hardeman County,TN,232.32013
Muskogee County,OK,230.99039
Lawrence County,AL,230.7263
Smith County,TN,230.47963
Washington County,AR,230.44856
Lincoln County,NE,230.33981
Ketchikan Gateway Borough,AK,230.26071
Baldwin County,AL,228.32596
Winston County,AL,228.28122
Lewis County,TN,228.08611
Spink County,SD,227.77852
Blaine County,NE,227.69899
Box Butte County,NE,227.55234
Sharp County,AR,227.24663
Lander County,NV,227.22675
Wilson County,TN,227.12546
Pierce County,ND,226.6265
Douglas County,MO,226.20708
Shelby County,TN,225.96039
Williamson County,TN,225.43596
Fayette County,AL,225.20853
Greene County,AL,225.14888
Pickett County,TN,225.05008
Clarke County,AL,224.8121
Monroe County,KY,224.2715
Natrona County,WY,224.14351
Fallon County,MT,224.07143
Giles County,TN,223.85892
Mayes County,OK,223.43639
Dawson County,MT,223.28476
Sumner County,TN,222.91443
Oregon County,MO,222.69199
Cumberland County,KY,222.44653
Edmunds County,SD,222.0004
Thomas County,KS,221.34671
Marshall County,TN,221.29948
Reeves County,TX,221.27028
Morgan County,AL,221.07704
Frontier County,NE,220.84651
Sumter County,AL,220.41466
Baca County,CO,220.33885
Jackson County,TN,218.66985
Hickman County,TN,218.14105
Curry County,NM,218.09073
Custer County,ID,217.91798
Mcpherson County,SD,217.90929
Chester County,TN,217.89624
Harding County,NM,217.35751
Brule County,SD,217.24007
Harper County,OK,216.59447
Poinsett County,AR,216.47578
Allen County,KY,216.244
Seminole County,OK,215.90785
Dewey County,OK,215.86932
Kane County,UT,215.83391
Loving County,TX,215.83205
Greeley County,KS,215.5661
Phillips County,KS,215.37534
Overton County,TN,215.20322
Delaware County,OK,214.87886
Hamilton County,KS,214.85959
Lane County,KS,214.73595
Emmons County,ND,214.70053
Garvin County,OK,214.6098
Wayne County,UT,214.5806
Esmeralda County,NV,214.53586
Benton County,AR,214.12202
Trego County,KS,213.95302
Okmulgee County,OK,213.37825
Finney County,KS,213.34158
Jeff Davis County,TX,213.22476
Seward County,KS,213.19618
Keya Paha County,NE,212.61148
Door County,WI,212.4263
Stone County,MO,212.31819
Wayne County,KY,211.92238
Beadle County,SD,211.79375
Prince Of Wales-Hyder Census Area,AK,211.78464
Crittenden County,AR,210.97852
Rooks County,KS,210.93501
Haskell County,KS,210.79893
Clinton County,KY,210.79707
Sheridan County,ND,210.57648
Keith County,NE,210.2341
Jerauld County,SD,209.84451
Towner County,ND,209.81096
Perkins County,NE,209.7948
Malheur County,OR,209.39215
Woodward County,OK,209.29521
Fentress County,TN,209.22189
Morton County,ND,208.66017
Simpson County,KY,208.64526
Chase County,NE,208.54398
Taney County,MO,208.14444
Dundy County,NE,207.98723
Perry County,TN,207.72749
Howell County,MO,207.54047
Craig County,OK,207.34349
Beaver County,UT,206.96693
Davidson County,TN,206.84204
Okfuskee County,OK,206.59784
Shawano County,WI,206.28094
Metcalfe County,KY,206.24179
Grady County,OK,206.21446
Gregory County,SD,206.04918
Wright County,MO,205.53778
Payette County,ID,205.49055
Rogers County,OK,205.30167
Yakutat Borough,AK,205.19234
Hale County,AL,204.50009
Lawrence County,AR,203.9595
Rutherford County,TN,203.95888
Lincoln County,WI,202.97028
Phillips County,MT,202.64717
Furnas County,NE,202.37686
Loup County,NE,202.35886
Washington County,ID,202.31163
Wagoner County,OK,202.26564
Dekalb County,TN,202.21407
Mccreary County,KY,201.64799
Escambia County,AL,201.40007
Valley County,ID,200.83525
Portage County,WI,200.24309
Shannon County,MO,199.88206
Limestone County,AL,199.09044
Piute County,UT,198.51256
Bedford County,TN,198.38643
Cavalier County,ND,198.33485
Catron County,NM,198.29507
Putnam County,TN,198.15341
Marengo County,AL,197.76132
Madison County,TN,197.13188
Monroe County,AL,197.05794
Lincoln County,ID,197.03806
Haywood County,TN,196.99455
Gooding County,ID,196.6851
Tipton County,TN,196.65715
Burleigh County,ND,196.64223
Eddy County,NM,196.62857
Adair County,KY,196.26755
Brown County,NE,196.12029
Lincoln County,TN,196.10847
Morrill County,NE,195.51196
Robertson County,TN,195.48648
Edmonson County,KY,195.04655
Garfield County,NE,194.82472
Dickson County,TN,194.44693
Hot Springs County,WY,194.43388
Warren County,KY,193.97966
Decatur County,TN,193.49809
Tuscaloosa County,AL,193.32909
Adams County,ID,193.2334
Blaine County,OK,192.71516
Boone County,WV,192.18327
Pottawatomie County,OK,192.17644
Cullman County,AL,191.81046
Moore County,TN,191.80362
Garfield County,MT,191.68369
Henderson County,TN,190.5006
Escambia County,FL,190.45151
Cheatham County,TN,190.37881
Logan County,KY,190.34091
Wells County,ND,189.93701
Warren County,TN,189.88792
Niobrara County,WY,189.6835
Barren County,KY,189.54803
Barry County,MO,189.35603
Harlan County,NE,189.32062
Cannon County,TN,189.26904
Apache County,AZ,189.21933
Brown County,SD,188.70483
Gray County,KS,188.61847
Smith County,KS,188.42026
Mcclain County,OK,187.10107
Greene County,AR,186.79909
Sanborn County,SD,186.64375
Prairie County,MT,186.56111
Osborne County,KS,186.38153
Webster County,MO,186.366
Chaves County,NM,186.36476
Pulaski County,KY,186.24297
Randolph County,AR,186.11745
Benson County,ND,186.09259
Mcintosh County,ND,185.34447
Lincoln County,OK,184.95735
Inyo County,CA,184.8306
Sherman County,KS,184.42484
Walker County,AL,184.26514
Ness County,KS,183.97496
Humphreys County,TN,183.94513
Gosper County,NE,183.57294
Langlade County,WI,183.55615
Whitley County,KY,183.02551
Clay County,WV,182.93355
Wilcox County,AL,182.83226
Wood County,WI,182.6067
Tulsa County,OK,182.26247
Ellis County,KS,182.1736
Sioux County,NE,182.08289
Aurora County,SD,182.06549
Converse County,WY,181.95427
Mcdonald County,MO,181.92319
Hodgeman County,KS,181.91388
Roseau County,MN,181.79146
Russell County,KY,181.71877
Kewaunee County,WI,181.19557
Custer County,NE,181.12598
Ottawa County,OK,180.9899
Menominee County,WI,180.91409
Wallace County,KS,180.91098
White County,TN,180.85133
Navajo County,AZ,180.73203
Cumberland County,TN,180.72084
Clark County,SD,180.67548
Cheyenne County,KS,180.19765
Osage County,OK,179.84409
Deuel County,NE,179.57317
Christian County,MO,179.36501
Lincoln County,WV,179.12703
Marathon County,WI,179.09471
Rock County,NE,178.85051
Meade County,KS,178.82628
Twin Falls County,ID,178.49136
Dawson County,NE,178.103
Waupaca County,WI,178.00047
Lawrence County,MO,177.76933
Sweetwater County,WY,177.04977
Kingsbury County,SD,176.75027
Green County,KY,176.74841
Perry County,AL,176.54771
Lincoln County,MN,176.37497
Crockett County,TN,176.31842
Canadian County,OK,175.91765
Jerome County,ID,175.65915
Daggett County,UT,174.98309
Santa Rosa County,FL,174.95514
Logan County,WV,174.82713
Quay County,NM,174.76189
Cleveland County,OK,174.7476
Creek County,OK,174.65813
Sauk County,WI,174.62332
Iron County,UT,174.48103
Deuel County,SD,173.99947
Colfax County,NM,173.86836
Mclean County,KY,173.77515
Marquette County,WI,173.77205
Charles Mix County,SD,173.31845
Lauderdale County,TN,173.28862
Johnson County,WY,171.811
Grayson County,KY,171.73581
Waushara County,WI,171.57053
Coffee County,TN,171.30893
Humboldt County,NV,170.41167
Laclede County,MO,170.27684
Clark County,KS,170.16437
Butler County,KY,169.98604
Prowers County,CO,169.35161
Hinsdale County,CO,168.98749
Conecuh County,AL,168.90298
Hart County,KY,168.62337
Gibson County,TN,168.44441
Ramsey County,ND,168.29218
Valley County,NE,168.1095
Madison County,AL,167.85783
Todd County,KY,167.82056
Houston County,TN,167.64719
Scott County,TN,167.40547
Brown County,WI,167.3831
Miller County,MO,167.2756
Blount County,AL,167.14264
Calhoun County,WV,166.9991
Conejos County,CO,166.9848
Van Buren County,TN,166.81393
Bibb County,AL,166.80896
Koochiching County,MN,166.69276
Martin County,KY,166.18076
Taylor County,KY,166.14285
Uintah County,UT,166.10246
Coconino County,AZ,165.86324
Hamlin County,SD,165.7924
Carbon County,WY,165.25677
Camden County,MO,164.87836
Wheeler County,NE,164.84108
Phelps County,NE,164.53102
Eddy County,ND,164.52045
Adams County,WI,164.51672
Powder River County,MT,164.44713
Carroll County,TN,164.37256
Franklin County,TN,164.12837
Owsley County,KY,164.09233
Greenlee County,AZ,163.84192
Washakie County,WY,163.40572
Boyd County,NE,163.30878
Braxton County,WV,163.08694
Logan County,ND,162.95149
Kanawha County,WV,162.79491
Blaine County,MT,162.61409
Butte County,ID,162.20584
Muhlenberg County,KY,162.05112
Texas County,MO,161.69943
Montgomery County,TN,161.64723
Randolph County,MO,161.19052
Beltrami County,MN,161.18431
Major County,OK,161.1172
Benton County,TN,160.47656
Greene County,MO,160.38708
Lawrence County,KY,160.33986
Grand County,UT,160.28705
Pembina County,ND,159.9863
Laurel County,KY,159.45441
Franklin County,NE,159.41527
Carter County,MO,159.08408
Newton County,MO,158.96104
Outagamie County,WI,158.83241
Breathitt County,KY,158.82248
Casey County,KY,158.79514
Mississippi County,AR,158.68143
Magoffin County,KY,158.67583
Clay County,AR,158.59816
Fremont County,WY,158.52422
Sedgwick County,CO,158.51738
Gilmer County,WV,158.4888
Adair County,MO,158.33159
Davison County,SD,158.25143
Sevier County,UT,158.12094
Kingfisher County,OK,158.03395
Roane County,WV,157.84195
Oconto County,WI,157.76552
Bledsoe County,TN,157.74812
Macon County,MO,157.73819
Covington County,AL,157.71457
Debaca County,NM,157.37405
Dallas County,MO,157.36412
Oneida County,WI,157.29018
Rush County,KS,157.06834
Gunnison County,CO,156.75145
Wrangell City And Borough,AK,156.63818
Yuma County,CO,156.36122
Scotts Bluff County,NE,156.34445
Morgan County,TN,156.32457
Grundy County,TN,156.25311
Oklahoma County,OK,156.18661
Kittson County,MN,156.14934
Ripley County,MO,156.11951
Sherman County,NE,156.06358
Taylor County,WI,155.82187
Miner County,SD,155.65286
Nowata County,OK,155.65163
Mitchell County,KS,155.62552
Jewell County,KS,155.36455
Kidder County,ND,155.24463
Russell County,KS,155.17255
Ford County,KS,155.12595
Douglas County,SD,154.38278
Okaloosa County,FL,154.21936
Webster County,WV,154.03792
Costilla County,CO,153.89438
Johnson County,KY,153.42213
Lac Qui Parle County,MN,153.17172
Mono County,CA,153.08101
Iowa County,WI,152.35152
Jackson County,AL,152.28627
Mingo County,WV,152.10669
Telfair County,GA,151.96378
Emery County,UT,151.92152
Dyer County,TN,151.73015
Mora County,NM,151.46918
Larue County,KY,151.27406
Lee County,KY,151.06155
Greeley County,NE,150.83849
Meigs County,TN,150.73222
Codington County,SD,150.59489
Wayne County,WV,150.53525
Stewart County,TN,150.11893
Ohio County,KY,149.73492
Millard County,UT,149.52304
Grant County,OR,149.00729
Lincoln County,NV,148.70717
Lincoln County,KY,148.70096
Christian County,KY,148.60899
Lemhi County,ID,148.60278
Alamosa County,CO,148.50647
Campbell County,TN,148.28712
Cheyenne County,NE,148.22748
Phillips County,CO,147.87392
Marion County,KY,147.86522
Jackson County,KY,147.74094
Foster County,ND,147.69807
Roane County,TN,147.58249
Dade County,MO,147.55453
Custer County,MT,147.54521
Lyon County,MN,147.46692
Clay County,KY,147.4489
Kiowa County,CO,147.38863
Columbia County,WI,147.17549
Wolfe County,KY,146.79521
Kit Carson County,CO,146.69641
Jasper County,MO,146.68275
Okanogan County,WA,146.38573
Clark County,WI,146.35777
Randolph County,WV,146.16203
Knox County,MO,146.04025
Pawnee County,OK,145.87683
Pulaski County,MO,145.49034
Cabell County,WV,145.11876
Nelson County,ND,145.05103
Lake County,OR,145.0117
Green Lake County,WI,144.81117
Calumet County,WI,144.65521
Hopkins County,KY,144.63905
Shelby County,MO,144.59866
Mcminn County,TN,144.48495
Carter County,KY,144.45514
Jefferson County,AL,144.41287
Mineral County,CO,144.19415
Richland County,WI,144.08977
Price County,WI,144.03322
Hanson County,SD,143.94374
Vilas County,WI,143.90398
Morgan County,MO,143.71942
Modoc County,CA,143.66786
Rhea County,TN,143.64859
Pawnee County,KS,143.59888
Ritchie County,WV,142.98125
Putnam County,WV,142.88554
Webster County,NE,142.6749
Reynolds County,MO,141.97523
Hardin County,KY,141.90813
Tucker County,WV,141.86961
Crenshaw County,AL,141.76521
Juneau County,WI,141.27992
Saguache County,CO,141.20784
Schuyler County,MO,141.19356
Wilcox County,GA,141.16373
Dent County,MO,141.16
Brookings County,SD,141.06306
Yukon-Koyukuk Census Area,AK,140.86375
Washington County,OK,140.78345
Comanche County,KS,140.5318
Day County,SD,140.27393
Kearney County,NE,140.18507
Dallas County,AL,140.08565
Butler County,AL,139.97131
Cheyenne County,CO,139.94397
Edwards County,KS,139.92285
Winnebago County,WI,139.85512
Loudon County,TN,139.75632
Monroe County,MO,139.36983
Menifee County,KY,139.33006
Lafayette County,WI,139.26544
Henry County,TN,139.01752
Woods County,OK,138.86154
Cole County,MO,138.57571
Pipestone County,MN,138.53781
Fayette County,WV,138.46884
Dunklin County,MO,138.21532
San Juan County,UT,138.09477
Grant County,SD,138.01276
Mckinley County,NM,137.90154
Holt County,NE,137.64738
Graham County,AZ,137.26152
Anderson County,TN,137.25903
Bent County,CO,136.98749
Cloud County,KS,136.92101
Coffee County,AL,136.76814
Monroe County,TN,136.54321
Sheridan County,WY,136.27727
Harney County,OR,136.26422
Cass County,MN,136.20767
Forest County,WI,136.09271
Minidoka County,ID,136.06104
Buffalo County,NE,135.91811
Lake County,SD,135.47943
Rockcastle County,KY,135.45271
Cassia County,ID,135.41418
Duchesne County,UT,135.35701
Banner County,NE,135.3477
Grant County,WI,135.26878
Culberson County,TX,135.16315
Beaverhead County,MT,134.98605
La Paz County,AZ,134.80959
Upshur County,WV,134.76422
Yellow Medicine County,MN,134.69339
Marinette County,WI,134.51692
Logan County,OK,134.35661
Shelby County,AL,133.93408
Wyoming County,WV,133.6414
Washington County,KY,133.53018
Chilton County,AL,133.39534
Cottonwood County,MN,133.21391
Marshall County,AL,132.96846
Floyd County,KY,132.93616
Doddridge County,WV,132.86905
Taos County,NM,132.79324
Emmet County,IA,132.79013
Cherokee County,KS,132.78951
Knox County,KY,132.39555
Nelson County,KY,132.23152
Baker County,OR,132.2048
Power County,ID,131.68533
Valdez-Cordova Census Area,AK,131.65157
Polk County,MO,131.55858
Lewis County,WV,131.52998
Rusk County,WI,131.49022
Hickory County,MO,131.41255
Las Animas County,CO,131.33426
Dickey County,ND,131.06769
Crawford County,WI,130.94342
Boyle County,KY,130.93224
Manitowoc County,WI,130.73152
Hyde County,NC,130.73152
Labette County,KS,130.28352
Payne County,OK,130.25121
Swift County,MN,130.11513
Coffee County,GA,130.10643
Lincoln County,KS,130.03062
Wirt County,WV,130.00763
Madison County,MT,129.97345
Mineral County,NV,129.52234
Daviess County,KY,129.21352
Union County,TN,129.15511
Lawrence County,OH,129.14766
Grant County,WV,129.0271
Boyd County,KY,128.9016
Goshen County,WY,128.89476
Blount County,TN,128.82889
Pemiscot County,MO,128.49521
Sequatchie County,TN,128.3119
Trigg County,KY,128.19945
Perry County,KY,128.15718
Marion County,TN,128.11742
Chippewa County,MN,128.07082
Clay County,KS,128.03354
Nuckolls County,NE,127.98444
Walsh County,ND,127.96581
Murray County,MN,127.87943
Park County,MT,127.16237
Butler County,MO,127.15678
Dane County,WI,126.90823
Elliott County,KY,126.83305
Boone County,MO,126.78893
Maries County,MO,126.76531
Riley County,KS,126.65533
Morgan County,KY,126.63918
Republic County,KS,126.47824
Bath County,KY,126.47327
Jackson County,WI,126.35521
Clark County,ID,125.92957
Walton County,FL,125.88732
Howard County,NE,125.83202
Beaufort County,NC,125.78479
Lincoln County,NM,125.78168
Mccook County,SD,125.74751
Sullivan County,MO,125.67854
Boone County,NE,125.59465
San Miguel County,NM,125.56234
Jo Daviess County,IL,125.56234
Estill County,KY,125.5555
Jackson County,MN,125.09631
Palo Alto County,IA,125.03728
Dodge County,GA,125.03417
Moody County,SD,124.785
San Miguel County,CO,124.78376
Powell County,KY,124.55883
Washington County,UT,124.49607
St. Clair County,AL,124.43703
Pleasants County,WV,124.33327
Hidalgo County,NM,124.32706
Lincoln County,MT,124.25249
Washington County,OH,123.91819
Rosebud County,MT,123.86538
Jackson County,WV,123.86538
Martin County,MN,123.85046
Rio Grande County,CO,123.82126
Cedar County,MO,123.73862
Lamoure County,ND,123.63236
Garrard County,KY,123.58638
Lake County,TN,123.30676
Garfield County,OK,122.98614
Keweenaw County,MI,122.91903
Clearwater County,MN,122.51514
Wayne County,MO,122.4822
Scotland County,MO,122.33183
Barbour County,WV,122.17462
Monroe County,FL,122.11497
Redwood County,MN,122.0603
Nicholas County,WV,121.98448
Pope County,MN,121.81796
Todd County,MN,121.81174
Howard County,MO,121.55325
Stevens County,MN,121.51535
Marshall County,SD,121.31589
Breckinridge County,KY,120.79953
Wheeler County,GA,120.72248
Douglas County,WA,120.54539
Carbon County,UT,120.48698
Platte County,WY,120.19556
Wheeler County,OR,120.12161
Washington County,CO,120.09489
Ben Hill County,GA,120.07004
Weakley County,TN,119.87679
Lewis County,MO,119.61147
Warrick County,IN,119.48161
Crow Wing County,MN,119.4698
Barton County,KS,119.44991
Dade County,GA,119.38902
Knott County,KY,119.31445
Gogebic County,MI,119.18832
Mercer County,KY,119.06528
Alfalfa County,OK,118.93356
Hutchinson County,SD,118.88136
Raleigh County,WV,118.61292
Audrain County,MO,118.43584
Pamlico County,NC,118.3476
Linn County,MO,118.26682
Elk County,PA,118.15249
Bingham County,ID,118.11893
Ontonagon County,MI,117.84491
Caldwell County,KY,117.64918
Menominee County,MI,117.64297
Atkinson County,GA,117.60879
Rock County,MN,117.60072
Montgomery County,KS,117.47395
Moniteau County,MO,117.46463
Mohave County,AZ,117.34347
Mason County,WV,117.23286
Callaway County,MO,117.12164
Obion County,TN,117.11729
Fond Du Lac County,WI,117.10237
Sanpete County,UT,116.83332
Montgomery County,KY,116.62453
Osage County,MO,116.53506
Iron County,WI,116.51766
Calloway County,KY,116.4288
Petersburg Borough,AK,116.29099
Madison County,KY,116.24674
Phelps County,MO,116.14795
Neosho County,KS,116.08705
Moffat County,CO,115.96651
Wabash County,IL,115.83974
Lowndes County,AL,115.79563
Greenup County,KY,115.39236
Bay County,FL,115.35135
Spencer County,KY,115.29543
Knox County,TN,115.23515
Geneva County,AL,115.17115
Worth County,MO,115.02264
Ellsworth County,KS,115.00276
Pocahontas County,WV,114.76229
Green County,WI,114.66287
Claiborne County,TN,114.43359
Alcona County,MI,114.3149
Vanderburgh County,IN,114.19435
Marshall County,MN,114.07381
Southeast Fairbanks Census Area,AK,114.05594
Adams County,IN,113.80165
Gila County,AZ,113.742
Cook County,MN,113.45244
Barton County,MO,113.36731
Bullitt County,KY,113.36669
Pennington County,MN,113.28032
Kauai County,HI,113.26621
Ralls County,MO,113.1517
Iron County,MO,113.1169
Talladega County,AL,113.04606
Jeff Davis County,GA,113.03674
Routt County,CO,112.64279
Davis County,IA,112.52162
Edwards County,IL,112.14756
Geary County,KS,112.11835
Leslie County,KY,112.11649
Montrose County,CO,111.93877
Antelope County,NE,111.80021
Bacon County,GA,111.53675
Clayton County,IA,111.51563
Gilliam County,OR,111.41621
Tyler County,WV,111.28696
Chelan County,WA,111.21799
Harrison County,WV,111.14404
Dickinson County,IA,111.05022
Pike County,KY,110.98497
Adams County,IL,110.98062
Irwin County,GA,110.92221
Clearfield County,PA,110.9129
Chariton County,MO,110.77992
Clinch County,GA,110.49968
Adams County,NE,110.39342
Grant County,NM,110.23933
Montgomery County,GA,110.11319
Dickinson County,KS,110.08523
Hancock County,KY,109.94479
Turner County,GA,109.89011
Kiowa County,KS,109.77951
Park County,WY,109.74223
Nance County,NE,109.6627
Gibson County,IN,109.61671
Cherokee County,NC,109.58813
Big Stone County,MN,109.3632
Pottawatomie County,KS,109.34206
Richland County,IL,109.311
Kimball County,NE,109.04195
Nemaha County,KS,108.87852
Ottawa County,KS,108.84995
Dodge County,WI,108.68217
Pershing County,NV,108.53304
Dale County,AL,108.4883
Autauga County,AL,108.25964
Douglas County,MN,108.25404
Fergus County,MT,108.24783
Cooper County,MO,108.14593
Crawford County,KS,108.12605
Bleckley County,GA,108.10305
Ferry County,WA,108.05396
Wood County,WV,108.05148
Vernon County,WI,107.93652
Hawaii County,HI,107.79258
Wells County,IN,107.76006
Polk County,TN,107.74514
Guadalupe County,NM,107.56059
Hill County,MT,107.5432
Griggs County,ND,107.37667
Benton County,MO,107.36735
Big Horn County,WY,107.18404
Bell County,KY,107.17845
Dekalb County,AL,107.07655
Hardy County,WV,106.8075
Marion County,MO,106.73355
Lyon County,KY,106.68322
Berrien County,GA,106.62543
Cameron County,PA,106.51234
Carroll County,IL,106.43654
Taylor County,WV,106.41417
Meade County,KY,106.29735
Kossuth County,IA,106.28243
Van Wert County,OH,106.27312
Clay County,AL,106.00406
Brown County,MN,105.67722
Watonwan County,MN,105.66355
Glacier County,MT,105.61819
Monroe County,WI,105.5486
Sheboygan County,WI,105.37212
Wallowa County,OR,105.33857
Dooly County,GA,105.29321
Bannock County,ID,105.19317
Preston County,WV,104.85825
Logan County,CO,104.84458
Forest County,PA,104.75262
Rio Arriba County,NM,104.74516
Hancock County,IL,104.7172
Pulaski County,GA,104.71347
Morris County,KS,104.35619
Gallia County,OH,104.23129
Anderson County,KY,103.97591
Nobles County,MN,103.89513
Mcdowell County,WV,103.86779
Huerfano County,CO,103.44525
Rowan County,KY,103.24082
Putnam County,MO,103.08362
Jackson County,CO,103.04509
Stoddard County,MO,102.98855
Alpena County,MI,102.9873
Pocahontas County,IA,102.96618
Bradley County,TN,102.85806
Hubbard County,MN,102.8506
New Madrid County,MO,102.69029
Stutsman County,ND,102.65238
Martin County,NC,102.57906
Houston County,AL,102.5772
Noble County,OK,102.57409
Otero County,CO,102.56539
Houghton County,MI,102.48586
Idaho County,ID,102.32865
Dubuque County,IA,102.03412
Summers County,WV,101.80111
Elmore County,AL,101.74891
Sanders County,MT,101.73151
Jessamine County,KY,101.65136
Craven County,NC,101.35185
Luce County,MI,101.32079
Clinton County,PA,101.3009
Wetzel County,WV,101.199
Clay County,IA,101.15115
Clark County,KY,101.14059
Sawyer County,WI,100.96039
Hamilton County,TN,100.71495
Chippewa County,WI,100.7106
Boundary County,ID,100.53289
Petroleum County,MT,100.45273
Sherman County,OR,100.21785
Bremer County,IA,100.15633
Stephenson County,IL,100.05692
Thayer County,NE,100.01093
Noble County,OH,99.999748
Jefferson County,KY,99.943207
Hall County,NE,99.874855
Henderson County,KY,99.80526
Gallatin County,MT,99.735672
Wilkinson County,GA,99.571625
Etowah County,AL,99.561066
Grundy County,MO,99.397644
Garrett County,MD,99.216827
Floyd County,IA,99.10498
Spencer County,IN,99.040352
Nantucket County,MA,99.031036
Pike County,AL,98.955223
Red Lake County,MN,98.932236
Toombs County,GA,98.908623
Livingston County,KY,98.588615
Butler County,IA,98.563759
Schoolcraft County,MI,98.544502
Monroe County,OH,98.308998
Treutlen County,GA,98.228844
Jefferson County,WI,98.191559
Webster County,KY,98.156761
Laurens County,GA,98.098976
Chautauqua County,KS,97.893921
Holmes County,FL,97.834892
Lanier County,GA,97.811905
St. Clair County,MO,97.779594
Winnebago County,IA,97.615547
Lee County,IA,97.577644
Wadena County,MN,97.514885
Harrison County,MO,97.475739
Liberty County,MT,97.433487
Clark County,MO,97.424789
Faribault County,MN,97.341522
Scioto County,OH,97.272552
Carteret County,NC,97.138962
Grainger County,TN,97.03022
Knox County,NE,96.795341
Allamakee County,IA,96.759926
Clay County,NC,96.758682
Wabaunsee County,KS,96.746872
Fulton County,KY,96.700272
Washington County,KS,96.625084
Tyrrell County,NC,96.592155
Kandiyohi County,MN,96.55114
Stafford County,KS,96.52877
Bon Homme County,SD,96.424385
Walker County,GA,96.342979
Wheatland County,MT,96.275253
Lawrence County,IL,96.23735
Letcher County,KY,96.206284
Merrick County,NE,96.198204
Barron County,WI,96.100647
Calhoun County,AL,96.078896
Clark County,IN,96.050316
Crittenden County,KY,95.963943
Crisp County,GA,95.929771
Allen County,KS,95.891869
Clay County,NE,95.638344
Perry County,IN,95.502266
Appling County,GA,95.310265
Marion County,WV,95.065445
Roberts County,SD,95.060471
Los Alamos County,NM,94.877167
Wayne County,IL,94.443451
Marshall County,KY,94.235909
Sevier County,TN,94.210434
Morrison County,MN,94.037697
Pendleton County,WV,93.99855
Graham County,NC,93.820839
Pike County,MO,93.75621
Gentry County,MO,93.676056
Fayette County,IA,93.665497
Twiggs County,GA,93.575394
Crawford County,MO,93.539978
Taylor County,IA,93.498962
Sargent County,ND,93.402657
Shelby County,KY,93.395821
Livingston County,MO,93.226181
Sitka Borough,AK,93.211197
Graves County,KY,93.164665
Warren County,PA,92.956512
Toole County,MT,92.927925
Allen County,IN,92.855225
Dare County,NC,92.845901
Cerro Gordo County,IA,92.505394
Lewis County,KY,92.2351
Eau Claire County,WI,92.198433
Brown County,KS,92.138786
Nodaway County,MO,91.901421
Erie County,PA,91.894585
Meigs County,OH,91.78212
Blair County,PA,91.695122
Union County,GA,91.530464
Worth County,GA,91.493179
Minnehaha County,SD,91.477646
Huntington County,IN,91.251465
Brantley County,GA,91.057602
Mason County,MI,91.015343
Saline County,MO,90.961906
Washington County,FL,90.927734
Venango County,PA,90.905983
Hancock County,IA,90.817749
Bland County,VA,90.769905
Uinta County,WY,90.678566
Tift County,GA,90.584732
Florence County,WI,90.553665
Woodford County,KY,90.409508
Gasconade County,MO,90.3424
Posey County,IN,90.12989
Wilson County,KS,90.118088
Lincoln County,OR,90.023636
Mercer County,WV,89.914276
Woodson County,KS,89.890045
Jefferson County,PA,89.847786
Worth County,IA,89.844063
Yavapai County,AZ,89.736565
Crowley County,CO,89.608559
Lee County,GA,89.57563
Jasper County,IL,89.567551
Lincoln County,CO,89.491119
De Kalb County,IN,89.326462
Grant County,WA,89.292908
Washington County,NC,89.261215
Franklin County,KY,89.158066
Itasca County,MN,89.149368
Jones County,NC,89.130104
Renville County,MN,89.119545
Ringgold County,IA,89.077286
Vernon County,MO,88.977867
Dougherty County,GA,88.808853
Jackson County,KS,88.735535
Clay County,IL,88.73056
Van Buren County,IA,88.634254
Bonneville County,ID,88.34407
Madison County,MO,88.302437
Towns County,GA,88.295601
Centre County,PA,88.253975
Harlan County,KY,88.179405
Hickman County,KY,87.984917
Calhoun County,GA,87.799126
Klickitat County,WA,87.794777
Fayette County,KY,87.790428
Coosa County,AL,87.71711
Jefferson County,ID,87.687904
Pitt County,NC,87.650002
Jones County,GA,87.533806
Fremont County,ID,87.39151
Catoosa County,GA,87.387779
Echols County,GA,87.375351
Bourbon County,KY,87.057831
Steele County,ND,87.036705
Rio Blanco County,CO,86.987
Mineral County,WV,86.981407
Baldwin County,GA,86.975815
Charlotte County,VA,86.832893
Delta County,CO,86.830414
Barber County,KS,86.772003
Nicholas County,KY,86.744041
Trempealeau County,WI,86.711105
Jay County,IN,86.618523
Pierce County,GA,86.547684
Crawford County,PA,86.424652
Henderson County,IL,86.414711
Gulf County,FL,86.409119
Montgomery County,AL,86.39048
Traverse County,MN,86.347603
Rock County,WI,86.229546
Grand County,CO,86.005852
Turner County,SD,85.959251
Madison County,NE,85.926315
Clatsop County,OR,85.770973
Coffey County,KS,85.752953
Saline County,KS,85.676521
Baker County,GA,85.42363
Florence County,SC,85.410576
Northampton County,NC,85.338501
Kay County,OK,85.32856
Cook County,GA,85.240944
Cochise County,AZ,85.206764
Floyd County,IN,85.070068
Montgomery County,MO,85.03154
Ware County,GA,84.844505
Halifax County,NC,84.828972
Mesa County,CO,84.817787
Platte County,NE,84.805359
Oscoda County,MI,84.800392
Richardson County,NE,84.641319
Henry County,AL,84.602798
Lewis County,ID,84.36792
Chippewa County,MI,84.349899
Greenbrier County,WV,84.321938
Cherokee County,AL,84.30143
Lyon County,KS,84.277199
Juab County,UT,84.17778
Harrison County,IN,84.108803
Essex County,VT,84.048531
Mercer County,MO,84.01001
Highland County,VA,83.990746
Jefferson County,TN,83.96154
Morgan County,OH,83.907478
Skagway Municipality,AK,83.890945
Allen County,OH,83.868958
Lenoir County,NC,83.827324
Houston County,GA,83.714859
Ouray County,CO,83.599281
Oldham County,KY,83.530312
Iosco County,MI,83.478737
Iron County,MI,83.417221
Grant County,MN,83.328987
Black Hawk County,IA,83.174263
Lassen County,CA,83.154999
Clinton County,IA,83.14444
Holt County,MO,83.089134
Horry County,SC,82.800819
Grant County,OK,82.628075
Klamath County,OR,82.549004
Houston County,MN,82.478951
Plumas County,CA,82.424889
Washington County,WI,82.180069
Hancock County,TN,82.091835
Wapello County,IA,82.016647
Mcdonough County,IL,81.952644
Mercer County,OH,81.89859
Wasco County,OR,81.881187
Pettis County,MO,81.870628
Grayson County,VA,81.817184
Madison County,ID,81.764374
Osceola County,IA,81.571747
Ashland County,WI,81.553108
Marshall County,KS,81.380981
Dolores County,CO,81.298965
Bourbon County,KS,81.1604
Lincoln County,SD,81.115036
Huntingdon County,PA,81.029289
Crawford County,IL,81.024315
Mc Kean County,PA,80.91185
Appanoose County,IA,80.769554
Blackford County,IN,80.614212
Bollinger County,MO,80.563263
Lincoln County,WY,80.49118
Pratt County,KS,80.398598
Dickinson County,MI,80.325897
Grand Forks County,ND,80.321548
Jackson County,OH,80.312851
Pierce County,NE,80.291725
Polk County,NE,80.266243
Sublette County,WY,80.064919
Sweet Grass County,MT,80.064301
Buchanan County,VA,80.039444
Fannin County,GA,79.875404
Guernsey County,OH,79.86235
Knox County,IN,79.844337
Rice County,KS,79.820724
Randolph County,AL,79.808296
Jackson County,IA,79.631828
Morgan County,CO,79.52681
Stanton County,NE,79.524948
Hudspeth County,TX,79.522461
Bertie County,NC,79.447899
Chattooga County,GA,79.439201
Pacific County,WA,79.276398
Paulding County,OH,79.266457
Jefferson County,IN,79.241608
Pike County,IN,79.138458
Caribou County,ID,78.927193
Carroll County,MO,78.839577
Fleming County,KY,78.771225
Deer Lodge County,MT,78.754448
Chase County,KS,78.698524
Clay County,GA,78.686722
Emanuel County,GA,78.643845
Cibola County,NM,78.123756
Lowndes County,GA,78.106361
Humboldt County,IA,78.028687
Hamilton County,NE,77.990784
Early County,GA,77.941071
Pine County,MN,77.7994
Clark County,IL,77.734779
Chickasaw County,IA,77.539665
Whiteside County,IL,77.525375
Buena Vista County,IA,77.486855
Treasure County,MT,77.448326
Williamsburg County,SC,77.241409
Washington County,MO,77.162498
Johnson County,GA,77.13826
Mahnomen County,MN,77.102226
Greene County,NC,77.085449
Nye County,NV,76.877907
Custer County,CO,76.764816
Otter Tail County,MN,76.72567
Meagher County,MT,76.71946
Chaffee County,CO,76.589592
Daviess County,MO,76.527458
Hampshire County,WV,76.456619
Park County,CO,76.433006
Accomack County,VA,76.320541
Scott County,IN,76.314949
Marion County,SC,76.245972
Delaware County,IA,76.178246
Carlisle County,KY,76.131638
Denali Borough,AK,76.103851
Oceana County,MI,76.057701
Shenandoah County,VA,75.979408
Henry County,KY,75.924728
Trimble County,KY,75.896767
Hamilton County,FL,75.861343
Calhoun County,IA,75.801697
Elbert County,GA,75.794235
Aitkin County,MN,75.716568
Union County,KY,75.694817
Des Moines County,IA,75.688606
Chowan County,NC,75.565575
Blue Earth County,MN,75.488525
Haines Borough,AK,75.346779
La Crosse County,WI,75.325104
Monongalia County,WV,75.307701
Roscommon County,MI,75.284088
Randolph County,IN,75.264206
Hardin County,IL,75.202072
Osceola County,MI,75.17659
Wythe County,VA,75.167274
Burnett County,WI,75.126884
Clearwater County,ID,75.114456
Ballard County,KY,75.034302
Tazewell County,VA,74.874611
Wabash County,IN,74.855347
Union County,OR,74.854721
Mecklenburg County,VA,74.803146
Clarion County,PA,74.557083
Coos County,OR,74.449242
Glynn County,GA,74.404854
Elk County,KS,74.386208
Whitfield County,GA,74.384964
Auglaize County,OH,74.378754
Winnebago County,IL,74.37751
Summit County,CO,74.263802
Allendale County,SC,74.245781
Kenai Peninsula Borough,AK,74.239288
Monroe County,WV,74.153816
Mercer County,IL,74.037003
Winneshiek County,IA,73.992264
Northumberland County,VA,73.984184
Sierra County,NM,73.976105
Bibb County,GA,73.844994
Dukes County,MA,73.808334
Crawford County,GA,73.677223
Ransom County,ND,73.597069
Bath County,VA,73.538658
Pike County,IL,73.424324
Dubois County,IN,73.341064
St. Francois County,MO,73.305023
Polk County,MN,73.181374
Union County,IA,73.155891
Peach County,GA,73.083817
Galax City,VA,73.008629
Brunswick County,VA,72.822838
Washburn County,WI,72.775612
Rabun County,GA,72.717209
Whitley County,IN,72.596657
Adams County,OH,72.55938
Bedford County,PA,72.48481
Darlington County,SC,72.423302
Fillmore County,NE,72.136848
Ozaukee County,WI,72.116341
Putnam County,GA,72.045502
Sac County,IA,71.972183
Grundy County,IA,71.877113
Appomattox County,VA,71.846664
Franklin County,FL,71.817459
Decatur County,IA,71.782661
Coos County,NH,71.781418
Dickenson County,VA,71.713074
Wahkiakum County,WA,71.701263
Putnam County,OH,71.680756
Henry County,MO,71.650314
Hamblen County,TN,71.618004
White County,IL,71.497452
Lunenburg County,VA,71.49559
Scott County,MO,71.492485
Pondera County,MT,71.36821
Allegany County,MD,71.297371
Athens County,OH,71.279976
Macon County,NC,71.008438
Cleburne County,AL,70.875465
Adams County,IA,70.833206
Audubon County,IA,70.809593
Belmont County,OH,70.787224
Otero County,NM,70.771072
Socorro County,NM,70.761749
Marshall County,WV,70.521278
Vinton County,OH,70.487106
Murray County,GA,70.423103
Coshocton County,OH,70.34108
Tillamook County,OR,70.324928
Osage County,KS,70.316231
Scott County,KY,70.305046
Ashe County,NC,70.299454
Lyon County,IA,70.123604
Pike County,OH,70.071411
Vermillion County,IN,69.990005
Mercer County,PA,69.965775
Dunn County,WI,69.81913
Somerset County,PA,69.768799
Colfax County,NE,69.768799
Caldwell County,NC,69.709152
Huron County,MI,69.59668
Tattnall County,GA,69.576797
Edgecombe County,NC,69.426422
Mccracken County,KY,69.340675
Baraga County,MI,69.32576
Mississippi County,MO,69.315201
Anderson County,KS,69.313332
Georgetown County,SC,69.309608
Siskiyou County,CA,69.127548
Macon County,GA,69.067268
Lycoming County,PA,68.987114
Yankton County,SD,68.975929
Big Horn County,MT,68.962257
Alpine County,CA,68.867188
Silver Bow County,MT,68.599998
Alleghany County,NC,68.499336
Montmorency County,MI,68.36512
Nicollet County,MN,68.337784
Effingham County,IL,68.332809
Wayne County,GA,68.294289
Granite County,MT,68.246437
Buchanan County,IA,68.134598
Franklin County,IA,68.092964
Crawford County,IA,68.071838
Allegany County,NY,67.946938
Andrew County,MO,67.909035
Sanilac County,MI,67.839439
Fayette County,IL,67.827637
Santa Cruz County,AZ,67.776688
Mitchell County,GA,67.776062
Wright County,IA,67.753075
Pawnee County,NE,67.737541
Atchison County,MO,67.735054
Candler County,GA,67.596489
Cuming County,NE,67.584679
Wayne County,IA,67.551125
Barnes County,ND,67.546776
Wise County,VA,67.535591
Meeker County,MN,67.43866
Rock Island County,IL,67.341721
Carroll County,IA,67.300095
Tallapoosa County,AL,67.256599
O'Brien County,IA,67.164635
Citrus County,FL,67.026688
Pittsylvania County,VA,66.947777
Dekalb County,MO,66.939079
Bear Lake County,ID,66.934723
Warren County,IL,66.894958
Pepin County,WI,66.754532
Waukesha County,WI,66.655731
Ogle County,IL,66.409042
Crawford County,IN,66.330132
Harrison County,OH,66.312737
Yuma County,AZ,66.305275
Albany County,WY,66.21891
Cumberland County,IL,66.212692
Bamberg County,SC,66.094635
Judith Basin County,MT,65.973465
Greene County,GA,65.922516
Bonner County,ID,65.918159
Terrell County,GA,65.911949
Hancock County,GA,65.855408
Chesterfield County,SC,65.790161
Sumter County,GA,65.7883
Lake County,MI,65.69944
Cambria County,PA,65.634819
Lee County,VA,65.557144
Emporia City,VA,65.547829
Clare County,MI,65.493767
Norton City,VA,65.426659
Steuben County,IN,65.37571
Freeborn County,MN,65.357063
Mitchell County,IA,65.307976
Henry County,IL,65.302383
Swain County,NC,65.254539
Page County,IA,65.229065
Greensville County,VA,65.0905
Defiance County,OH,64.773598
Buffalo County,WI,64.688469
Rutherford County,NC,64.681015
Prince Edward County,VA,64.635651
Warren County,MO,64.551765
Jefferson County,NE,64.513863
Benton County,MN,64.466637
Luna County,NM,64.348579
Kanabec County,MN,64.346092
Hampton County,SC,64.328072
Stephens County,GA,64.326828
Huron County,OH,64.162788
Poweshiek County,IA,64.154091
Screven County,GA,64.123024
Greenwood County,KS,64.108109
Brooks County,GA,64.090088
Barbour County,AL,64.02298
Brown County,IL,63.987564
Tama County,IA,63.972027
Colquitt County,GA,63.960224
Clarendon County,SC,63.924805
Jackson County,FL,63.912376
Ste. Genevieve County,MO,63.749577
Presque Isle County,MI,63.735909
Stearns County,MN,63.698624
Shoshone County,ID,63.645809
Barnstable County,MA,63.527126
Cass County,IA,63.407822
Doniphan County,KS,63.205257
Jefferson County,KS,63.153061
Webster County,IA,63.145603
Williams County,OH,63.103352
Noble County,IN,63.04805
Shawnee County,KS,63.046806
Washington County,GA,63.041836
Adair County,IA,63.010147
Del Norte County,CA,62.949261
Hardin County,OH,62.916939
Union County,PA,62.875931
Suwannee County,FL,62.827461
Erie County,OH,62.821869
Pope County,IL,62.779617
Adams County,WA,62.741714
Parke County,IN,62.733013
Golden Valley County,MT,62.727421
Trinity County,CA,62.699459
Lincoln County,MO,62.693245
Grant County,IN,62.685169
Caldwell County,MO,62.683926
Potter County,PA,62.574566
Delta County,MI,62.558411
Harrisonburg City,VA,62.539768
Highlands County,FL,62.435997
Wayne County,IN,62.424812
Lafayette County,FL,62.366405
Wyandot County,OH,62.35025
Churchill County,NV,62.186207
Garfield County,WA,62.120342
Daviess County,IN,62.058826
Carroll County,VA,61.958164
Lake County,MT,61.776726
Edgar County,IL,61.599632
Gladwin County,MI,61.413223
Duplin County,NC,61.364754
Greene County,IL,61.320015
Alexander County,NC,61.212521
Union County,SC,61.0317
Cocke County,TN,60.869522
Ogemaw County,MI,60.729092
Washington County,IN,60.696781
Hertford County,NC,60.685596
Mason County,KY,60.67379
Randolph County,GA,60.625946
Polk County,WI,60.560699
Richmond County,NC,60.508507
Bayfield County,WI,60.466251
Warren County,VA,60.426483
Perquimans County,NC,60.410328
Flagler County,FL,60.389202
Northumberland County,PA,60.241314
Miller County,GA,60.169235
Warren County,NC,60.122635
Bates County,MO,60.105236
Holmes County,OH,60.094051
Massac County,IL,60.062981
Mifflin County,PA,59.98531
Hamilton County,NY,59.855446
Onslow County,NC,59.701344
Richland County,OH,59.695129
Gilmer County,GA,59.686432
Giles County,VA,59.600681
Hart County,GA,59.521145
Wayne County,NC,59.519905
Calhoun County,IL,59.500641
Nottoway County,VA,59.367046
Mineral County,MT,59.304909
Lake County,CO,59.277569
Bulloch County,GA,59.189957
Linn County,KS,59.017216
Iroquois County,IL,59.007271
Gallatin County,IL,58.928978
Hood River County,OR,58.927738
Mecosta County,MI,58.927116
Pulaski County,IN,58.923386
Ohio County,WV,58.890453
Marion County,IL,58.883621
Glades County,FL,58.791035
Jennings County,IN,58.771152
Mahaska County,IA,58.76059
Oglethorpe County,GA,58.749405
Bullock County,AL,58.74754
Orleans County,VT,58.723927
Robertson County,KY,58.65744
Delaware County,IN,58.567341
Monroe County,IA,58.513905
Franklin County,GA,58.441826
Alleghany County,VA,58.364777
Amherst County,VA,58.350483
Burke County,NC,58.236153
Cedar County,NE,58.219994
Avery County,NC,58.143566
Harper County,KS,58.11747
Seminole County,GA,58.09137
Franklin County,MO,58.087021
Watauga County,NC,58.050362
Lancaster County,VA,58.026749
Mahoning County,OH,57.955292
Mille Lacs County,MN,57.95467
Chautauqua County,NY,57.883835
White County,GA,57.822319
Chouteau County,MT,57.809891
Boone County,IL,57.740917
Butler County,NE,57.684994
Highland County,OH,57.645226
Gates County,NC,57.634663
Mackinac County,MI,57.62907
Fayette County,IN,57.628448
Rich County,UT,57.622856
Crawford County,OH,57.499825
Covington City,VA,57.498585
Miami County,IN,57.466892
Traill County,ND,57.292908
Logan County,OH,57.142536
Waseca County,MN,57.106499
Mcintosh County,GA,57.028206
Carroll County,KY,57.003349
Martin County,IN,56.936241
Morrow County,OR,56.920708
Cherokee County,IA,56.910145
Harrison County,KY,56.908279
Sierra County,CA,56.793949
Jefferson County,IL,56.773441
Indiana County,PA,56.759773
Dillon County,SC,56.73616
Lee County,SC,56.706333
Howard County,IA,56.705715
Jefferson County,IA,56.695148
Sullivan County,IN,56.670918
Quitman County,GA,56.500038
Montgomery County,NC,56.460892
Barnwell County,SC,56.429825
York County,NE,56.347183
Columbiana County,OH,56.313629
Rappahannock County,VA,56.291882
Mcpherson County,KS,56.285667
Sibley County,MN,56.180035
Manistee County,MI,56.099876
Vigo County,IN,56.032768
Shelby County,IA,56.000458
Teton County,MT,55.89296
Taylor County,FL,55.873077
Santa Fe County,NM,55.848843
Hamilton County,IL,55.820881
Guthrie County,IA,55.790432
Marlboro County,SC,55.751289
Scott County,IA,55.741966
Stevens County,WA,55.718353
Lee County,IL,55.582897
Benewah County,ID,55.467941
Hardin County,IA,55.356094
Ashtabula County,OH,55.30825
Upson County,GA,55.266617
Mitchell County,NC,55.154148
Hendry County,FL,55.044167
Evans County,GA,55.016205
Le Sueur County,MN,54.987621
Nemaha County,NE,54.966496
Schuyler County,IL,54.739697
Page County,VA,54.557632
Owen County,KY,54.513515
Jenkins County,GA,54.488041
Switzerland County,IN,54.412231
Campbell County,VA,54.407261
Lynchburg City,VA,54.406639
Greene County,PA,54.404778
Habersham County,GA,54.346367
Columbus County,NC,54.259377
Cape Girardeau County,MO,54.22023
Ross County,OH,54.159336
Halifax County,VA,54.1264
Madison County,GA,54.102791
Seneca County,OH,54.031334
Douglas County,OR,54.014233
Burt County,NE,53.893387
Tuscarawas County,OH,53.885933
Richmond County,VA,53.823795
Floyd County,GA,53.743015
Johnson County,MO,53.706978
Wilkes County,NC,53.657887
Monroe County,GA,53.629303
Madison County,FL,53.542934
Musselshell County,MT,53.503788
Archuleta County,CO,53.397533
Carroll County,NH,53.353416
Ripley County,IN,53.304329
Atchison County,KS,53.299976
Curry County,OR,53.223553
Wayne County,NE,53.210499
Milwaukee County,WI,53.169491
Cattaraugus County,NY,53.15955
Lumpkin County,GA,53.080013
Oneida County,ID,53.06448
Spotsylvania County,VA,53.019741
Perry County,MO,53.006069
Banks County,GA,52.952011
Ashland County,OH,52.942688
Cherokee County,SC,52.860668
Montour County,PA,52.859425
Kosciusko County,IN,52.853832
Mcleod County,MN,52.845135
Pend Oreille County,WA,52.787346
Nash County,NC,52.754414
Taliaferro County,GA,52.726452
Keokuk County,IA,52.720238
Reno County,KS,52.686062
Charlton County,GA,52.581051
Volusia County,FL,52.442486
Montgomery County,IL,52.436893
Clinton County,MO,52.436893
Jackson County,NC,52.374134
Darke County,OH,52.341824
Fulton County,IN,52.218792
Buena Vista City,VA,52.080849
Marion County,KS,52.075878
Muskingum County,OH,52.052887
Crawford County,MI,52.015602
Calhoun County,FL,51.944767
Lawrence County,PA,51.907486
Gordon County,GA,51.871445
Winona County,MN,51.828571
Carroll County,OH,51.819252
Polk County,NC,51.66888
Sullivan County,PA,51.660801
Shelby County,OH,51.619167
Delaware County,NY,51.514156
Westmoreland County,VA,51.338932
Laramie County,WY,51.191044
Greenwood County,SC,51.171162
Carbon County,MT,51.002148
Heard County,GA,50.995312
Long County,GA,50.934418
Jasper County,GA,50.906456
Wilkin County,MN,50.819466
Martinsville City,VA,50.802689
Rockingham County,VA,50.791504
Southampton County,VA,50.710102
Jackson County,IN,50.705753
Sumter County,FL,50.672821
Powell County,MT,50.652317
Fremont County,CO,50.551655
Walworth County,WI,50.486408
Richland County,ND,50.438564
Lagrange County,IN,50.385124
Rockbridge County,VA,50.279491
Schley County,GA,50.272659
Kingman County,KS,50.252151
Isabella County,MI,50.25029
Lexington City,VA,50.211761
Scott County,IL,50.163918
Benton County,IA,50.093082
Tuolumne County,CA,50.038403
San Juan County,CO,50.006088
Buchanan County,MO,49.996147
Meriwether County,GA,49.959488
Patrick County,VA,49.940224
Ida County,IA,49.915371
Hancock County,OH,49.83894
Umatilla County,OR,49.791718
Grays Harbor County,WA,49.674278
Wilkes County,GA,49.628296
Wilson County,NC,49.590393
Decatur County,IN,49.547516
Pueblo County,CO,49.5121
Pulaski County,VA,49.384098
Desoto County,FL,49.326309
Missaukee County,MI,49.304562
Pasquotank County,NC,49.285297
San Juan County,NM,49.245533
Fulton County,PA,49.223782
Unicoi County,TN,49.180286
Trumbull County,OH,49.095779
Dixie County,FL,49.039234
Cowley County,KS,48.924904
Monona County,IA,48.888241
Lucas County,IA,48.819893
Webster County,GA,48.793175
Henry County,VA,48.78323
Lafayette County,MO,48.781368
Macon County,AL,48.749676
Perry County,OH,48.583149
Essex County,VA,48.516041
Branch County,MI,48.467575
Greene County,TN,48.370018
Taylor County,GA,48.223377
Becker County,MN,48.165588
Middlesex County,VA,48.054363
Catawba County,NC,47.89529
Columbia County,FL,47.885971
Ray County,MO,47.855522
Morgan County,GA,47.764805
Saluda County,SC,47.670975
Union County,IN,47.604488
Coles County,IL,47.596413
Anson County,NC,47.587711
Macoupin County,IL,47.581497
Glascock County,GA,47.540489
Henry County,IA,47.442932
Frederick County,VA,47.430508
Brevard County,FL,47.423672
Orangeburg County,SC,47.406895
Henry County,OH,47.335438
Somerset County,MD,47.326115
Hawkins County,TN,47.225452
Danville City,VA,47.224831
Cumberland County,VA,47.089375
Montgomery County,IA,47.019157
Orange County,IN,46.865681
Abbeville County,SC,46.84269
Wayne County,PA,46.835232
Haralson County,GA,46.754456
Champaign County,OH,46.745754
Winchester City,VA,46.680511
Sioux County,IA,46.664978
Brown County,OH,46.650684
Sussex County,VA,46.618996
Chester County,SC,46.59787
Lincoln County,WA,46.573635
Torrance County,NM,46.556858
Hocking County,OH,46.412701
Montezuma County,CO,46.220074
Arenac County,MI,46.146133
Worcester County,MD,46.10947
Currituck County,NC,46.008186
Snyder County,PA,45.865894
Smyth County,VA,45.845387
Otsego County,NY,45.670162
Colleton County,SC,45.509846
Henry County,IN,45.352642
Montcalm County,MI,45.288017
Chisago County,MN,45.25322
Clay County,SD,45.247627
Fredericksburg City,VA,45.151939
Calaveras County,CA,45.092285
Franklin County,KS,44.971741
Caswell County,NC,44.80397
Juniata County,PA,44.782845
Chenango County,NY,44.77663
Marion County,FL,44.733135
Mariposa County,CA,44.728783
Putnam County,IN,44.639927
Fayette County,OH,44.58152
Alexander County,IL,44.518761
Mason County,IL,44.510681
Franklin City,VA,44.49577
Clay County,IN,44.452274
Ohio County,IN,44.398216
Lamar County,GA,44.344776
Cleveland County,NC,44.321785
Culpeper County,VA,44.282017
Camden County,NC,44.280155
Randolph County,IL,44.204967
Newberry County,SC,44.201862
Starke County,IN,44.180733
Louisa County,IA,44.172657
Camden County,GA,44.069508
Jefferson County,OH,44.057083
Clarke County,IA,44.009857
Lyon County,NV,43.986866
Northampton County,VA,43.967606
Bond County,IL,43.966362
Polk County,GA,43.944614
King And Queen County,VA,43.9384
Augusta County,VA,43.901119
Dawson County,GA,43.837738
Kittitas County,WA,43.790512
Ravalli County,MT,43.61591
Muskegon County,MI,43.615288
Franklin County,IN,43.60783
Pulaski County,IL,43.556255
Douglas County,NV,43.550663
Beaufort County,SC,43.518974
Knox County,IL,43.48542
Stillwater County,MT,43.432602
Moore County,NC,43.432602
Troup County,GA,43.389107
Fayette County,PA,43.224445
Stewart County,GA,43.126266
Washington County,IL,43.086498
Rice County,MN,43.082771
Morgan County,UT,42.993916
Johnson County,NE,42.909409
Liberty County,GA,42.848515
Jefferson County,GA,42.847271
Brooke County,WV,42.845409
Jones County,IA,42.811234
Charlotte County,FL,42.643463
Floyd County,VA,42.608044
Bracken County,KY,42.527267
Cass County,IN,42.465752
Alger County,MI,42.455807
Hancock County,WV,42.351418
Pierce County,WI,42.24268
Eagle County,CO,42.225281
Newaygo County,MI,42.182404
Norman County,MN,42.11219
Fulton County,OH,41.976109
Mathews County,VA,41.967411
Howard County,IN,41.902164
Cowlitz County,WA,41.838165
Gage County,NE,41.719482
Pickens County,GA,41.718239
Amador County,CA,41.630005
Marion County,IA,41.627522
Buckingham County,VA,41.619442
Radford City,VA,41.545498
Livingston County,IL,41.545498
Putnam County,FL,41.495167
Butts County,GA,41.468449
Lake County,MN,41.453537
Rowan County,NC,41.411282
Wasatch County,UT,41.383942
Pike County,GA,41.339825
St. Clair County,MI,41.245998
Carroll County,GA,41.186348
Susquehanna County,PA,41.042187
Isanti County,MN,41.008636
Staunton City,VA,40.898029
Clarke County,VA,40.891815
Vance County,NC,40.751389
Gratiot County,MI,40.652588
Columbia County,PA,40.507809
Sumter County,SC,40.440701
Marion County,OH,40.417088
Utah County,UT,40.375458
Russell County,VA,40.341904
Armstrong County,PA,40.280388
Lamoille County,VT,40.257397
Gallatin County,KY,40.196503
Oconee County,SC,40.187183
Clarke County,GA,40.166676
Jefferson County,OR,40.14555
Shelby County,IL,39.929935
Marion County,GA,39.926826
Goodhue County,MN,39.924965
Franklin County,VT,39.827408
Ionia County,MI,39.817467
Surry County,VA,39.796341
Madison County,IN,39.744144
Mower County,MN,39.718666
Morgan County,WV,39.703133
San Juan County,WA,39.700027
Newton County,IN,39.650318
Warren County,GA,39.642239
Scotland County,NC,39.592529
Thomas County,GA,39.576374
Surry County,NC,39.552761
Dinwiddie County,VA,39.550278
El Dorado County,CA,39.535362
Steele County,MN,39.509888
Weber County,UT,39.391205
Skamania County,WA,39.36076
Jasper County,IA,39.316021
Marshall County,IA,39.275009
Wexford County,MI,39.183044
Kalawao County,HI,39.176945
Sandusky County,OH,39.128986
Knox County,OH,39.077412
Fremont County,IA,39.057529
Hardee County,FL,39.042618
Bartholomew County,IN,39.016518
Laurens County,SC,39.012791
Tipton County,IN,38.959972
Benton County,OR,38.956867
Chambers County,AL,38.933876
Saline County,IL,38.882923
Baker County,FL,38.800903
Yancey County,NC,38.760513
Orange County,VA,38.674145
Bladen County,NC,38.550491
Fountain County,IN,38.389557
Jefferson County,MO,38.379612
Greene County,IA,38.321205
Liberty County,FL,38.25161
Elbert County,CO,38.22427
Iredell County,NC,38.220543
Dodge County,NE,38.149086
Berkshire County,MA,38.043449
Transylvania County,NC,37.998711
Fulton County,IL,37.971992
Otsego County,MI,37.888729
Tooele County,UT,37.843369
Fauquier County,VA,37.830944
Hernando County,FL,37.67622
Fillmore County,MN,37.543869
Okeechobee County,FL,37.530819
Stafford County,VA,37.522121
Hoonah-Angoon Census Area,AK,37.470512
Asotin County,WA,37.459984
Louisa County,VA,37.39101
Broadwater County,MT,37.235668
Decatur County,GA,37.230698
Amelia County,VA,37.215164
Oconee County,GA,37.133141
Cass County,IL,37.065414
Grant County,KY,36.92374
Rush County,IN,36.772747
Kent County,MD,36.726143
Robeson County,NC,36.458332
Wayne County,OH,36.427265
Jasper County,SC,36.366993
Ford County,IL,36.28994
Schuylkill County,PA,36.057549
Antrim County,MI,35.991062
Morrow County,OH,35.964966
Jefferson County,MT,35.946945
Stanly County,NC,35.755562
Sampson County,NC,35.710201
Miami County,KS,35.679756
Sherburne County,MN,35.631908
Linn County,OR,35.608917
Otoe County,NE,35.598354
Muscatine County,IA,35.533112
Calhoun County,MI,35.530624
Hamilton County,IA,35.495831
Johnson County,TN,35.471596
Lenawee County,MI,35.427479
Crook County,OR,35.363476
Cumberland County,NJ,35.220562
Stark County,IL,35.180794
Columbia County,OR,35.142269
Jersey County,IL,35.05217
Weld County,CO,35.026695
Sullivan County,NY,35.006809
Mcdowell County,NC,34.990654
Caroline County,VA,34.924168
Bennington County,VT,34.919819
Ottawa County,OH,34.881294
Dearborn County,IN,34.855816
Harrison County,IA,34.842148
Douglas County,KS,34.78001
Grafton County,NH,34.765099
Calhoun County,SC,34.760124
St. Charles County,MO,34.748322
King George County,VA,34.710415
Clear Creek County,CO,34.702339
Tehama County,CA,34.680592
Marshall County,IL,34.634609
Johnson County,IL,34.625908
Washington County,TN,34.61721
Lincoln County,NC,34.565014
St. Croix County,WI,34.528355
Morgan County,IL,34.484238
Jackson County,GA,34.45752
Fairfield County,SC,34.443848
St. Joseph County,MI,34.415264
Bureau County,IL,34.386681
Barry County,MI,34.384197
Lee County,NC,34.357479
Clinton County,IL,34.263649
Beaver County,PA,34.232582
Jasper County,IN,34.192192
Lancaster County,SC,34.107063
Scott County,VA,34.038715
St. Johns County,FL,34.024422
Pinal County,AZ,33.9772
Dixon County,NE,33.931839
Cheboygan County,MI,33.923138
Grady County,GA,33.902634
Montgomery County,VA,33.846088
Wabasha County,MN,33.744183
Mccormick County,SC,33.463947
Allegan County,MI,33.444683
St. Mary'S County,MD,33.440956
Thurston County,NE,33.426041
Pendleton County,KY,33.346508
Putnam County,IL,33.312332
Miami County,OH,33.286232
Nez Perce County,ID,33.276913
Sumner County,KS,33.148289
Caledonia County,VT,33.004753
Gilchrist County,FL,32.958771
Tuscola County,MI,32.822689
Saunders County,NE,32.786652
Tioga County,PA,32.720165
Vermilion County,IL,32.700279
Cape May County,NJ,32.695309
Dekalb County,IL,32.621986
Matanuska-Susitna Borough,AK,32.551804
Santa Barbara County,CA,32.452976
Preble County,OH,32.448002
Johnston County,NC,32.416313
Columbia County,WA,32.384003
Warren County,IN,32.375301
Teton County,ID,32.333672
Madison County,OH,32.298874
Seneca County,NY,32.267185
Rockingham County,NC,32.23798
Clinton County,OH,32.157204
Mchenry County,IL,32.077045
La Porte County,IN,31.983839
Talbot County,GA,31.983217
Lee County,AL,31.980112
Franklin County,IL,31.901819
Nelson County,VA,31.87945
Burke County,GA,31.870129
Greene County,IN,31.858944
Bedford County,VA,31.726591
Clay County,FL,31.711679
Moultrie County,IL,31.678125
Newport County,RI,31.659483
Saline County,NE,31.54888
Mendocino County,CA,31.463131
Grundy County,IL,31.41342
Oswego County,NY,31.410315
Christian County,IL,31.366817
Lincoln County,GA,31.231359
Licking County,OH,31.008287
Lorain County,OH,30.98716
Bartow County,GA,30.934965
Linn County,IA,30.903275
Colusa County,CA,30.794535
Addison County,VT,30.74234
Marshall County,IN,30.650377
Wright County,MN,30.6423
Butler County,PA,30.629871
Collier County,FL,30.614958
Mason County,WA,30.564007
York County,ME,30.486956
Bradford County,PA,30.460859
Logan County,IL,30.402451
Carbon County,PA,30.358953
Levy County,FL,30.357712
Benton County,IN,30.322292
Racine County,WI,30.283146
Box Elder County,UT,30.277554
Hillsdale County,MI,30.224737
Warren County,OH,30.11289
Madison County,IA,30.033356
White County,IN,30.020306
Kankakee County,IL,29.97681
Yamhill County,OR,29.940771
Franklin County,NC,29.901003
Livingston County,NY,29.866827
Spartanburg County,SC,29.837624
Leavenworth County,KS,29.817739
Plymouth County,MA,29.791641
Kershaw County,SC,29.759331
Seward County,NE,29.755602
Cedar County,IA,29.728884
Sullivan County,NH,29.557384
Essex County,NY,29.530666
St. Louis County,MN,29.524452
Montgomery County,IN,29.482199
Union County,OH,29.475365
Washington County,RI,29.472258
Monroe County,PA,29.472258
Cayuga County,NY,29.347982
Mcduffie County,GA,29.208796
Waynesboro City,VA,29.193262
Perry County,IL,29.052832
Spalding County,GA,29.021141
Clark County,OH,29.009335
Kings County,CA,28.908674
Pike County,PA,28.771351
Iowa County,IA,28.725368
Butler County,OH,28.680008
Monroe County,IL,28.669445
Washington County,PA,28.584938
Craig County,VA,28.541443
Carter County,TN,28.464394
Gilpin County,CO,28.388586
Shiawassee County,MI,28.184776
Harvey County,KS,28.159922
Livingston County,MI,28.084736
Lapeer County,MI,28.031919
Lake County,FL,28.018248
King William County,VA,27.961082
Haywood County,NC,27.856071
Shelby County,IN,27.703213
Madison County,VA,27.670902
Cortland County,NY,27.615601
James City County,VA,27.474548
Midland County,MI,27.465227
Effingham County,GA,27.444101
Benzie County,MI,27.372644
Cass County,MI,27.365187
Wyoming County,PA,27.363945
Nassau County,FL,27.32604
Belknap County,NH,27.301807
Union County,FL,27.291245
Glenn County,CA,27.194931
Bradford County,FL,27.112911
Charles City County,VA,27.072521
Adams County,PA,26.999199
Edgefield County,SC,26.997957
York County,SC,26.994228
Carson City,NV,26.969995
Hall County,GA,26.904129
Franklin County,ID,26.856285
Douglas County,IL,26.800982
Lancaster County,PA,26.786692
Elkhart County,IN,26.681679
Jefferson County,WV,26.671116
Coweta County,GA,26.66428
Washington County,IA,26.583502
Lebanon County,PA,26.566725
Gloucester County,VA,26.503967
Summit County,UT,26.459229
Morgan County,IN,26.459229
Prince George County,VA,26.449907
Carlton County,MN,26.426916
Person County,NC,26.395227
Westmoreland County,PA,26.252934
Calvert County,MD,26.23802
Pickaway County,OH,26.219999
Brunswick County,NC,26.216894
Cass County,MO,26.017433
Cabarrus County,NC,25.978287
Lawrence County,IN,25.938519
Stark County,OH,25.883839
Dallas County,IA,25.821079
Yates County,NY,25.742167
Petersburg City,VA,25.504181
Suffolk City,VA,25.463791
Windham County,VT,25.455091
Sandoval County,NM,25.421537
Wayne County,NY,25.383013
Wyoming County,NY,25.355673
Yadkin County,NC,25.289186
Van Buren County,MI,25.241341
Powhatan County,VA,25.051823
Strafford County,NH,25.00584
Berrien County,MI,24.930033
Prince William County,VA,24.890886
Douglas County,GA,24.739273
Davis County,UT,24.723738
Harnett County,NC,24.687077
Madison County,NY,24.669058
Pender County,NC,24.557833
Kalkaska County,MI,24.554726
Williamsburg City,VA,24.464005
Jefferson County,FL,24.458412
Teller County,CO,24.360237
Johnson County,IN,24.340973
Loudoun County,VA,24.304314
Lackawanna County,PA,24.294371
Clermont County,OH,24.268272
Manassas City,VA,24.232855
Henderson County,NC,24.160776
Ottawa County,MI,24.041473
Aiken County,SC,23.991142
Kootenai County,ID,23.933353
Newton County,GA,23.910984
Wakulla County,FL,23.845741
Franklin County,VA,23.743216
Madison County,NC,23.680456
Union County,SD,23.572338
De Witt County,IL,23.563017
Stokes County,NC,23.523249
Cass County,NE,23.485346
Perry County,PA,23.483482
Valencia County,NM,23.458006
Davidson County,NC,23.443714
Piatt County,IL,23.41016
Lake County,OH,23.408295
Carver County,MN,23.302662
Brown County,IN,23.27408
Plymouth County,IA,23.119358
Alamance County,NC,23.037336
Carroll County,IN,22.864595
Colonial Heights City,VA,22.769526
Anderson County,SC,22.727894
Granville County,NC,22.650223
Leelanau County,MI,22.424665
Walton County,GA,22.419695
Bryan County,GA,22.355072
Hopewell City,VA,22.350721
Steuben County,NY,22.321518
Clinton County,IN,22.148155
Wood County,OH,22.135727
Berkeley County,WV,22.014561
St. Louis County,MO,22.008968
Carroll County,MD,21.920732
Fluvanna County,VA,21.851139
Manassas Park City,VA,21.683369
New Kent County,VA,21.641737
Menard County,IL,21.527405
Dorchester County,MD,21.501928
Forsyth County,GA,21.48391
Wicomico County,MD,21.476452
Dorchester County,SC,21.476452
Schuyler County,NY,21.455326
Queen Anne'S County,MD,21.150854
Berkeley County,SC,21.047707
Charlevoix County,MI,20.846382
Owen County,IN,20.842033
Franklin County,PA,20.830849
Harris County,GA,20.801643
Goochland County,VA,20.745098
Chatham County,NC,20.727699
Gaston County,NC,20.640087
Orange County,VT,20.520163
Fairfield County,OH,20.323187
Woodford County,IL,20.302061
Harford County,MD,20.267885
Davie County,NC,20.229982
Indian River County,FL,20.157904
Union County,NC,20.02928
El Paso County,TX,19.947258
Randolph County,NC,19.820498
Gadsden County,FL,19.565737
Caroline County,MD,19.456997
Putnam County,NY,19.375597
Herkimer County,NY,19.274935
Barrow County,GA,19.237652
Henry County,GA,19.074232
Geauga County,OH,19.058075
Isle Of Wight County,VA,19.036327
Sussex County,DE,19.00091
Paulding County,GA,18.98724
Salem County,NJ,18.945608
Piscataquis County,ME,18.928209
Bristol County,MA,18.915161
Cherokee County,GA,18.846188
Orleans County,NY,18.825062
Union County,IL,18.752983
Washington County,NE,18.723778
Mills County,IA,18.700787
Medina County,OH,18.674068
Grand Isle County,VT,18.54793
Cecil County,MD,18.370218
Windsor County,VT,18.263342
Middlesex County,MA,18.065125
Boone County,KY,17.927801
Middlesex County,CT,17.854481
Pickens County,SC,17.803528
Washington County,VA,17.66869
Scott County,MN,17.580456
Dodge County,MN,17.546902
Butler County,KS,17.49222
Storey County,NV,17.397772
Washington County,MN,17.344955
Monroe County,MI,17.246157
Portage County,OH,17.13369
Kane County,IL,17.088329
Ocean County,NJ,17.005066
Porter County,IN,16.829218
Greene County,VA,16.800013
Washington County,NY,16.714264
Hoke County,NC,16.652748
Clay County,MO,16.620436
Windham County,CT,16.384937
San Benito County,CA,16.344547
Kenosha County,WI,16.258799
Riverside County,CA,16.243885
Botetourt County,VA,16.222137
Greene County,NY,16.177399
Chattahoochee County,GA,16.058718
Norfolk County,MA,16.054989
Hancock County,IN,16.017706
Eaton County,MI,15.977318
Lake County,CA,15.871063
Lewis County,WA,15.795877
Hamilton County,IN,15.754245
Garfield County,CO,15.668496
Tioga County,NY,15.314315
Pasco County,FL,14.993687
Rockdale County,GA,14.925336
Douglas County,CO,14.753838
Rockingham County,NH,14.728361
Jackson County,MO,14.517096
Douglas County,WI,14.479813
Gloucester County,NJ,14.362995
Penobscot County,ME,14.354918
Williamson County,IL,14.353053
Dakota County,MN,14.241828
Flathead County,MT,14.205789
Latah County,ID,14.141166
Boone County,IN,14.06163
Island County,WA,14.046718
Will County,IL,14.026212
Lexington County,SC,13.933006
Washington County,ME,13.904423
Boone County,IA,13.798169
Hillsborough County,NH,13.616729
Cumberland County,PA,13.516687
Tolland County,CT,13.481891
Fairfield County,CT,13.430939
Polk County,OR,13.409812
Fayette County,GA,13.345189
Franklin County,WA,13.141379
Clinton County,MI,13.12336
Nevada County,CA,13.071786
Bay County,MI,13.006542
Bristol County,RI,12.899666
Platte County,MO,12.843742
Chesterfield County,VA,12.823858
Sarasota County,FL,12.725682
Madison County,IL,12.455385
Tulare County,CA,12.412511
St. Louis City,MO,12.401326
Polk County,FL,12.364044
San Bernardino County,CA,12.202488
Warren County,IA,12.11301
Placer County,CA,12.111146
Fulton County,NY,12.091262
Delaware County,OH,11.853277
Sullivan County,TN,11.796732
Hanover County,VA,11.654438
Jefferson County,CO,11.611564
Montgomery County,NY,11.438201
Marquette County,MI,11.431987
Anne Arundel County,MD,11.395327
York County,VA,11.39222
Manatee County,FL,11.326354
Anoka County,MN,11.230663
Howard County,MD,11.230042
Greene County,OH,11.226314
Yakima County,WA,11.150506
Martin County,FL,11.117574
Hendricks County,IN,11.000755
Franklin County,NY,10.958503
Kent County,RI,10.825529
Somerset County,NJ,10.795703
Adams County,CO,10.607428
Dakota County,NE,10.556476
Cumberland County,ME,10.488124
Kendall County,IL,10.471969
Kenton County,KY,10.415424
Hancock County,ME,10.378763
Chesapeake City,VA,10.204158
Merced County,CA,10.186759
Yolo County,CA,10.099768
Palm Beach County,FL,10.027067
Campbell County,KY,10.01961
Russell County,AL,9.9587164
Washington County,VT,9.9369678
Dupage County,IL,9.9152203
King County,WA,9.8711023
Tazewell County,IL,9.8624039
Whitman County,WA,9.8499765
Niagara County,NY,9.6716423
Broome County,NY,9.5703592
Madera County,CA,9.3839474
Lake County,IL,9.307519
Ulster County,NY,9.1832447
Sagadahoc County,ME,9.1360207
La Plata County,CO,9.0769901
Poquoson City,VA,9.012989
Polk County,IA,8.9918623
Ramsey County,MN,8.9458809
Sarpy County,NE,8.9359388
Lake County,IN,8.9253759
Essex County,MA,8.8912001
Yuba County,CA,8.7986164
Oneida County,NY,8.688633
Sussex County,NJ,8.6631575
Litchfield County,CT,8.6550789
Portsmouth City,VA,8.5705729
Ventura County,CA,8.5283194
Broomfield County,CO,8.5208635
New London County,CT,8.5146494
Atlantic County,NJ,8.485445
Butte County,CA,8.3245096
Oxford County,ME,8.2828779
Franklin County,OH,8.1380987
Greenville County,SC,8.1293993
Warren County,NY,8.0535917
El Paso County,CO,8.0069895
Jefferson County,WA,7.9094338
Emmet County,MI,7.8305197
Burlington County,NJ,7.8137426
Columbia County,NY,7.7714896
Fairfax City,VA,7.7615476
Columbia County,GA,7.7584405
Cuyahoga County,OH,7.7286148
Kern County,CA,7.6813908
Fairfax County,VA,7.6453509
Kennebec County,ME,7.6242247
Franklin County,ME,7.5751362
Pima County,AZ,7.5651941
St. Lucie County,FL,7.3284516
Richmond County,GA,6.9997463
Monterey County,CA,6.9630857
Schoharie County,NY,6.9605999
Waldo County,ME,6.9550076
Cass County,ND,6.9289103
Pitkin County,CO,6.9202108
Montgomery County,OH,6.8841715
Humboldt County,CA,6.8425398
Orange County,NY,6.830112
New Haven County,CT,6.7984223
Santa Cruz County,CA,6.7350426
Wayne County,MI,6.7201295
Whatcom County,WA,6.6840901
Middlesex County,NJ,6.6816044
Clayton County,GA,6.664206
Dekalb County,GA,6.630652
Dauphin County,PA,6.5939913
Boulder County,CO,6.5734859
Monmouth County,NJ,6.5678935
Clackamas County,OR,6.5125914
Clinton County,NY,6.5038924
Johnson County,KS,6.4504542
St. Clair County,IL,6.3702974
Wyandotte County,KS,6.3647051
Hillsborough County,FL,6.1521964
Delaware County,PA,6.1403899
Arapahoe County,CO,6.0726604
Walla Walla County,WA,6.0664468
Honolulu County,HI,5.9346476
Oakland County,MI,5.8843851
Richmond County,NY,5.8657441
Prince George'S County,MD,5.8011212
Dutchess County,NY,5.7768879
San Luis Obispo County,CA,5.7594895
Seminole County,FL,5.7352562
Macomb County,MI,5.7296638
Saratoga County,NY,5.7191005
Saginaw County,MI,5.6662841
Luzerne County,PA,5.6644197
Hennepin County,MN,5.6600704
Warren County,NJ,5.6569633
Osceola County,FL,5.6464
Charles County,MD,5.6464
Aroostook County,ME,5.6414289
Pinellas County,FL,5.634594
Hampshire County,MA,5.6022825
Thurston County,WA,5.5656219
Erie County,NY,5.5407667
Salt Lake County,UT,5.5302038
Clark County,WA,5.5270967
Morris County,NJ,5.4966497
Orange County,NC,5.4693093
Franklin County,MA,5.3493848
Multnomah County,OR,5.2145472
Bucks County,PA,5.2052264
Larimer County,CO,5.1822357
Imperial County,CA,5.1803718
Stanislaus County,CA,5.1374969
Rensselaer County,NY,5.1343904
Kalamazoo County,MI,5.1319046
Suffolk County,NY,5.1176133
Richland County,SC,5.1014576
Chester County,PA,5.0995932
Guilford County,NC,5.0057664
Lucas County,OH,5.000174
Hudson County,NJ,4.9200172
Hunterdon County,NJ,4.9013758
Josephine County,OR,4.8412838
Hamilton County,OH,4.7541108
Somerset County,ME,4.7304988
Montgomery County,PA,4.6758184
Henrico County,VA,4.6696043
Baltimore County,MD,4.657177
Lewis And Clark County,MT,4.6540704
Marion County,IN,4.6522059
Kent County,DE,4.6167879
Rutland County,VT,4.4757366
Pottawattamie County,IA,4.4589596
Sedgwick County,KS,4.4570956
Clay County,MN,4.4552317
New Hanover County,NC,4.4384546
Lane County,OR,4.4260268
Union County,NJ,4.4017935
Mercer County,NJ,4.3756957
Merrimack County,NH,4.3614044
Arlington County,VA,4.324122
St. Lawrence County,NY,4.2831116
Pierce County,WA,4.2389941
Ingham County,MI,4.2060614
Salem City,VA,4.1948771
Sangamon County,IL,4.1930127
Northampton County,PA,4.1638083
Leon County,FL,4.1283903
Chittenden County,VT,4.127769
Providence County,RI,4.1184483
Santa Clara County,CA,4.1172056
St. Joseph County,IN,4.110992
Albemarle County,VA,4.0817876
Tippecanoe County,IN,4.017786
Teton County,WY,3.9947953
La Salle County,IL,3.9730475
Grand Traverse County,MI,3.970562
Skagit County,WA,3.9407361
Fairbanks North Star Borough,AK,3.908071
Washington County,OR,3.8879197
San Diego County,CA,3.8829486
Alachua County,FL,3.8823273
Knox County,ME,3.8562295
Snohomish County,WA,3.8406954
Hampton City,VA,3.8282678
Philadelphia County,PA,3.7773154
Benton County,WA,3.7742085
Newport News City,VA,3.7624025
Contra Costa County,CA,3.6965373
Lancaster County,NE,3.6853526
Dona Ana County,NM,3.6791389
Durham County,NC,3.6772747
Worcester County,MA,3.6723037
Onondaga County,NY,3.6263223
Montgomery County,MD,3.6145163
Norfolk City,VA,3.5915256
Jefferson County,NY,3.5592141
Johnson County,IA,3.5443013
Charlottesville City,VA,3.5356021
San Joaquin County,CA,3.52566
Peoria County,IL,3.5250387
Alameda County,CA,3.5057762
Lincoln County,ME,3.4927275
Gwinnett County,GA,3.3460839
Macon County,IL,3.3262
Roanoke County,VA,3.2963741
Genesee County,MI,3.2578492
Passaic County,NJ,3.244179
Napa County,CA,3.2292662
Cobb County,GA,3.2143531
Tompkins County,NY,3.1963334
Shasta County,CA,3.1534588
Bristol City,VA,3.1404099
Lee County,FL,3.1080987
Cook County,IL,2.9974947
Orange County,FL,2.9906595
Cheshire County,NH,2.9440567
New Castle County,DE,2.9322507
Hampden County,MA,2.9036677
Cumberland County,NC,2.8781915
Albany County,NY,2.8651426
Juneau Borough,AK,2.8649616
Story County,IA,2.8607929
Orange County,CA,2.8297243
Sacramento County,CA,2.8042481
Sonoma County,CA,2.6979938
Solano County,CA,2.6476626
Miami-Dade County,FL,2.6457984
Douglas County,NE,2.5929821
Fulton County,GA,2.5886323
Washington County,MD,2.5793118
Bronx County,NY,2.5556998
Maui County,HI,2.5403261
Bernalillo County,NM,2.5252526
Wake County,NC,2.499155
Chemung County,NY,2.4879704
Camden County,NJ,2.3854439
Charleston County,SC,2.3736379
Los Angeles County,CA,2.3723953
Chatham County,GA,2.3599677
Broward County,FL,2.3146076
Lehigh County,PA,2.3102582
Lewis County,NY,2.3046658
Jackson County,OR,2.2555773
Bergen County,NJ,2.2537134
Virginia Beach City,VA,2.2518492
Hartford County,CT,2.2468781
Frederick County,MD,2.2450142
Muscogee County,GA,2.1828771
Allegheny County,PA,2.1822557
Androscoggin County,ME,2.1747992
Richmond City,VA,2.167964
Washtenaw County,MI,2.1636145
Yellowstone County,MT,2.149323
Marion County,OR,2.10272
Forsyth County,NC,2.0753798
Baltimore City,MD,2.0753798
Jackson County,MI,2.0747585
York County,PA,2.0461752
Rockland County,NY,2.0387189
Queens County,NY,2.0337479
Alexandria City,VA,2.0325053
Spokane County,WA,1.9827955
Clallam County,WA,1.9641544
Mclean County,IL,1.9622902
Kent County,MI,1.9330858
Mecklenburg County,NC,1.915066
Roanoke City,VA,1.9125805
Summit County,OH,1.8231031
Denver County,CO,1.7740147
Jackson County,IL,1.7311401
Duval County,FL,1.7211982
Talbot County,MD,1.6851587
Washoe County,NV,1.6677603
Champaign County,IL,1.6590611
Anchorage Borough,AK,1.5869486
Ontario County,NY,1.5745546
Fresno County,CA,1.5093106
Monroe County,NY,1.4993687
San Francisco County,CA,1.4397171
Schenectady County,NY,1.4241828
Marin County,CA,1.4216973
Deschutes County,OR,1.3663952
Genesee County,NY,1.3421618
Cascade County,MT,1.3042581
New York County,NY,1.2694614
Sutter County,CA,1.181848
Westchester County,NY,1.1812266
San Mateo County,CA,1.1091475
Kings County,NY,1.0619234
District Of Columbia,DC,1.0538455
Kitsap County,WA,1.0041358
Falls Church City,VA,0.90658057
Woodbury County,IA,0.89850277
Berks County,PA,0.89104629
Olmsted County,MN,0.86184186
Clark County,NV,0.84630758
Nassau County,NY,0.82953054
Maricopa County,AZ,0.76490796
Buncombe County,NC,0.6406337
Missoula County,MT,0.62074983
Monroe County,IN,0.43682393
Cache County,UT,0.40761951
Suffolk County,MA,0.32870537
Essex County,NJ,0.24109203
,blank,
Grand Total,,141.3294193